PROV1;Imperial Isle;Imperial Isle;Imperial Isle;;Imperial Isle;;;;;;;;;;;;;x
PROV2;Nikel;;;;;;;;;;;;;x
PROV3;Aleswell;;;;;;;;;;;;;x
PROV4;Caractacus;;;;;;;;;;;;;x
PROV5;Urasek;;;;;;;;;;;;;x
PROV6;Magia;;;;;;;;;;;;;x
PROV7;Sejanus;;;;;;;;;;;;;x
PROV8;Alessia;;;;;;;;;;;;;x
PROV9;Variela;;;;;;;;;;;;;x
PROV10;Bravil;;;;;;;;;;;;;x
PROV11;Irony;;;;;;;;;;;;;x
PROV12;Nomore;;;;;;;;;;;;;x
PROV13;Leyawiin;;;;;;;;;;;;;x
PROV14;Deepscorn;;;;;;;;;;;;;x
PROV15;Redman;;;;;;;;;;;;;x
PROV16;Veyond;;;;;;;;;;;;;x
PROV17;Teleman;;;;;;;;;;;;;x
PROV18;Flecia;;;;;;;;;;;;;x
PROV19;Aurus;;;;;;;;;;;;;x
PROV20;Dunstad;;;;;;;;;;;;;x
PROV21;Facian;;;;;;;;;;;;;x
PROV22;Entius;;;;;;;;;;;;;x
PROV23;Karthspire;;;;;;;;;;;;;x
PROV24;Redwater;;;;;;;;;;;;;x
PROV25;Horunn;;;;;;;;;;;;;x
PROV26;Chalman;;;;;;;;;;;;;x
PROV27;Frostcrag;;;;;;;;;;;;;x
PROV28;Toadstool;;;;;;;;;;;;;x
PROV29;Jerall;;;;;;;;;;;;;x
PROV30;Farragut;;;;;;;;;;;;;x
PROV31;Cheydinhal;;;;;;;;;;;;;x
PROV32;Naso;;;;;;;;;;;;;x
PROV33;Scinia;;;;;;;;;;;;;x
PROV34;Alftand;;;;;;;;;;;;;x
PROV35;Roebeck;;;;;;;;;;;;;x
PROV36;Blackboot;;;;;;;;;;;;;x
PROV37;Vlastarus;;;;;;;;;;;;;x
PROV38;Skingrad;;;;;;;;;;;;;x
PROV39;Gottlesfont;;;;;;;;;;;;;x
PROV40;Shorstone;;;;;;;;;;;;;x
PROV41;Ash;;;;;;;;;;;;;x
PROV42;Coldcorn;;;;;;;;;;;;;x
PROV43;Sancre Tor;;;;;;;;;;;;;x
PROV44;Rayles;;;;;;;;;;;;;x
PROV45;Chorrol;;;;;;;;;;;;;x
PROV46;Ontus;;;;;;;;;;;;;x
PROV47;Dirich;;;;;;;;;;;;;x
PROV48;Istirus;;;;;;;;;;;;;x
PROV49;Kvatch;;;;;;;;;;;;;x
PROV50;Linchal;;;;;;;;;;;;;x
PROV51;Hastrel;;;;;;;;;;;;;x
PROV52;Sutch;;;;;;;;;;;;;x
PROV53;Crowhaven;;;;;;;;;;;;;x
PROV54;Wariel;;;;;;;;;;;;;x
PROV55;Ansilvund;;;;;;;;;;;;;x
PROV56;Anvil;;;;;;;;;;;;;x
PROV57;Bruma;;;;;;;;;;;;;x
PROV58;Bitter Coast;;;;;;;;;;;;;x
PROV59;Pelagiad;;;;;;;;;;;;;x
PROV60;West Gash;;;;;;;;;;;;;x
PROV61;Ashlands;;;;;;;;;;;;;x
PROV62;Sheogorad;;;;;;;;;;;;;x
PROV63;Grazelands;;;;;;;;;;;;;x
PROV64;Azura's Coast;;;;;;;;;;;;;x
PROV65;Molag Amur;;;;;;;;;;;;;x
PROV66;Hirstaang;;;;;;;;;;;;;x
PROV67;Moesring;;;;;;;;;;;;;x
PROV68;Felsaad;;;;;;;;;;;;;x
PROV69;Firsthold;;;;;;;;;;;;;x
PROV70;Lillwood;;;;;;;;;;;;;x
PROV71;Dusk;;;;;;;;;;;;;x
PROV72;Sunhold;;;;;;;;;;;;;x
PROV73;Alinor;;;;;;;;;;;;;x
PROV74;Shimmerene;;;;;;;;;;;;;x
PROV75;Cloudrest;;;;;;;;;;;;;x
PROV76;Lillandril;;;;;;;;;;;;;x
PROV77;Telvannis;;;;;;;;;;;;;x
PROV78;Firewatch;;;;;;;;;;;;;x
PROV79;Praloris;;;;;;;;;;;;;x
PROV80;Alt Bosara;;;;;;;;;;;;;x
PROV81;Dragonglade;;;;;;;;;;;;;x
PROV82;Necrom;;;;;;;;;;;;;x
PROV83;Darvon;;;;;;;;;;;;;x
PROV84;Salen;;;;;;;;;;;;;x
PROV85;Bosmora;;;;;;;;;;;;;x
PROV86;Aldsotha;;;;;;;;;;;;;x
PROV87;Mournhold;;;;;;;;;;;;;x
PROV88;Tear;;;;;;;;;;;;;x
PROV89;Ebonheart;;;;;;;;;;;;;x
PROV90;Olthrenis;;;;;;;;;;;;;x
PROV91;Sotha Sil;;;;;;;;;;;;;x
PROV92;Narsis;;;;;;;;;;;;;x
PROV93;Andrethis;;;;;;;;;;;;;x
PROV94;Kragenmoor;;;;;;;;;;;;;x
PROV95;Balfalls;;;;;;;;;;;;;x
PROV96;Bodrum;;;;;;;;;;;;;x
PROV97;Omayni;;;;;;;;;;;;;x
PROV98;Blacklight;;;;;;;;;;;;;x
PROV99;Silgrad;;;;;;;;;;;;;x
PROV100;Ganaris;;;;;;;;;;;;;x
PROV101;Soluthis;;;;;;;;;;;;;x
PROV102;Soulrest;;;;;;;;;;;;;x
PROV103;Rock Grove;;;;;;;;;;;;;x
PROV104;Stonewastes;;;;;;;;;;;;;x
PROV105;Gideon;;;;;;;;;;;;;x
PROV106;Glenbridge;;;;;;;;;;;;;x
PROV107;Stormhold;;;;;;;;;;;;;x
PROV108;Tenmar Wall;;;;;;;;;;;;;x
PROV109;Helstrom;;;;;;;;;;;;;x
PROV110;Thorn;;;;;;;;;;;;;x
PROV111;Corimont;;;;;;;;;;;;;x
PROV112;Riverwalk;;;;;;;;;;;;;x
PROV113;Chasecreek;;;;;;;;;;;;;x
PROV114;Branchmont;;;;;;;;;;;;;x
PROV115;Seafalls;;;;;;;;;;;;;x
PROV116;Archon;;;;;;;;;;;;;x
PROV117;Rockpark;;;;;;;;;;;;;x
PROV118;Lilmoth;;;;;;;;;;;;;x
PROV119;Blackrose;;;;;;;;;;;;;x
PROV120;Moonmarch;;;;;;;;;;;;;x
PROV121;Murkwood;;;;;;;;;;;;;x
PROV122;Rockspring;;;;;;;;;;;;;x
PROV123;Greenspring;;;;;;;;;;;;;x
PROV124;Markmont;;;;;;;;;;;;;x
PROV125;Greenglade;;;;;;;;;;;;;x
PROV126;Rockpoint;;;;;;;;;;;;;x
PROV127;Riften;;;;;;;;;;;;;x
PROV128;Arcwind;;;;;;;;;;;;;x
PROV129;Ivarstead;;;;;;;;;;;;;x
PROV130;Windhelm;;;;;;;;;;;;;x
PROV131;Eastmarch;;;;;;;;;;;;;x
PROV132;Winterhold;;;;;;;;;;;;;x
PROV133;Gallowrock;;;;;;;;;;;;;x
PROV134;Falkreath;;;;;;;;;;;;;x
PROV135;Helgen;;;;;;;;;;;;;x
PROV136;Riverwood;;;;;;;;;;;;;x
PROV137;Greymoor;;;;;;;;;;;;;x
PROV138;Bannermist;;;;;;;;;;;;;x
PROV139;Dawnstar;;;;;;;;;;;;;x
PROV140;Guldun;;;;;;;;;;;;;x
PROV141;Whiterun;;;;;;;;;;;;;x
PROV142;Morthal;;;;;;;;;;;;;x
PROV143;Solitude;;;;;;;;;;;;;x
PROV144;Northwatch;;;;;;;;;;;;;x
PROV145;Dragonbridge;;;;;;;;;;;;;x
PROV146;Volskygge;;;;;;;;;;;;;x
PROV147;Karthwasten;;;;;;;;;;;;;x
PROV148;Markarth;;;;;;;;;;;;;x
PROV149;Reachcliff;;;;;;;;;;;;;x
PROV150;Sungard;;;;;;;;;;;;;x
PROV151;Rorikstead;;;;;;;;;;;;;x
PROV152;Daggerfall;;;;;;;;;;;;;x
PROV153;Ilessan;;;;;;;;;;;;;x
PROV154;Anticlere;;;;;;;;;;;;;x
PROV155;Urvaius;;;;;;;;;;;;;x
PROV156;Bhoriane;;;;;;;;;;;;;x
PROV157;Daenia;;;;;;;;;;;;;x
PROV158;Dwynnen;;;;;;;;;;;;;x
PROV159;Camlorn;;;;;;;;;;;;;x
PROV160;Kambria;;;;;;;;;;;;;x
PROV161;Koegria;;;;;;;;;;;;;x
PROV162;Firebrand;;;;;;;;;;;;;x
PROV163;Wayrest;;;;;;;;;;;;;x
PROV164;Gauvadon;;;;;;;;;;;;;x
PROV165;Northpoint;;;;;;;;;;;;;x
PROV166;Ascadian Isles;;;;;;;;;;;;;x
PROV167;Normar;;;;;;;;;;;;;x
PROV168;Phrygias;;;;;;;;;;;;;x
PROV169;Whitehaven;;;;;;;;;;;;;x
PROV170;Ravenwatch;;;;;;;;;;;;;x
PROV171;Shornhelm;;;;;;;;;;;;;x
PROV172;Portdun Creek;;;;;;;;;;;;;x
PROV173;Markwasten;;;;;;;;;;;;;x
PROV174;Jehenna;;;;;;;;;;;;;x
PROV175;Farrun;;;;;;;;;;;;;x
PROV176;Azra's Crossing;;;;;;;;;;;;;x
PROV177;Evermore;;;;;;;;;;;;;x
PROV178;Dunkarn;;;;;;;;;;;;;x
PROV179;Ravenspring;;;;;;;;;;;;;x
PROV180;Dunlain;;;;;;;;;;;;;x
PROV181;Stros M'Kai;;;;;;;;;;;;;x
PROV182;Hegathe;;;;;;;;;;;;;x
PROV183;Roa;;;;;;;;;;;;;x
PROV184;Sentinel;;;;;;;;;;;;;x
PROV185;Gilane;;;;;;;;;;;;;x
PROV186;Hew's Bane;;;;;;;;;;;;;x
PROV187;Antiphyllos;;;;;;;;;;;;;x
PROV188;Lainlyn;;;;;;;;;;;;;x
PROV189;Totambu;;;;;;;;;;;;;x
PROV190;Rihad;;;;;;;;;;;;;x
PROV191;Taneth;;;;;;;;;;;;;x
PROV192;Roseguard;;;;;;;;;;;;;x
PROV193;Elinhir;;;;;;;;;;;;;x
PROV194;Stonemoor;;;;;;;;;;;;;x
PROV195;Nimbel;;;;;;;;;;;;;x
PROV196;Stonedale;;;;;;;;;;;;;x
PROV197;Dragonstar;;;;;;;;;;;;;x
PROV198;Belkarth;;;;;;;;;;;;;x
PROV199;Thorstad;;;;;;;;;;;;;x
PROV200;Karnver;;;;;;;;;;;;;x
PROV201;Heldorn;;;;;;;;;;;;;x
PROV202;Verkarth;;;;;;;;;;;;;x
PROV203;Skaven;;;;;;;;;;;;;x
PROV204;Riverpoint;;;;;;;;;;;;;x
PROV205;Northall;;;;;;;;;;;;;x
PROV206;Vulkneu;;;;;;;;;;;;;x
PROV207;Zafirbel;;;;;;;;;;;;;x
PROV208;Torval;;;;;;;;;;;;;x
PROV209;Darvulk;;;;;;;;;;;;;x
PROV210;Markgran;;;;;;;;;;;;;x
PROV211;Senchal;;;;;;;;;;;;;x
PROV212;Chasegrove;;;;;;;;;;;;;x
PROV213;Portneu;;;;;;;;;;;;;x
PROV214;Heimthor;;;;;;;;;;;;;x
PROV215;Corinthe;;;;;;;;;;;;;x
PROV216;Blackheights;;;;;;;;;;;;;x
PROV217;Mehmet;;;;;;;;;;;;;x
PROV218;Alabaster;;;;;;;;;;;;;x
PROV219;Duncori;;;;;;;;;;;;;x
PROV220;Darkarn;;;;;;;;;;;;;x
PROV221;Brukreich;;;;;;;;;;;;;x
PROV222;Rimmen;;;;;;;;;;;;;x
PROV223;Valleygard;;;;;;;;;;;;;x
PROV224;Verkarth Hills;;;;;;;;;;;;;x
PROV225;Dune;;;;;;;;;;;;;x
PROV226;Darglade;;;;;;;;;;;;;x
PROV227;Tardorn;;;;;;;;;;;;;x
PROV228;Orcrest;;;;;;;;;;;;;x
PROV229;Meirvale;;;;;;;;;;;;;x
PROV230;Helkarn;;;;;;;;;;;;;x
PROV231;Greenvale;;;;;;;;;;;;;x
PROV232;Riverhold;;;;;;;;;;;;;x
PROV233;Lynmount;;;;;;;;;;;;;x
PROV234;Glenpoint;;;;;;;;;;;;;x
PROV235;Balfiera;;;;;;;;;;;;;x
PROV236;Arenthia;;;;;;;;;;;;;x
PROV237;Ebon Ro;;;;;;;;;;;;;x
PROV238;Skyshroud;;;;;;;;;;;;;x
PROV239;Stonefall;;;;;;;;;;;;;x
PROV240;Vulkwasten;;;;;;;;;;;;;x
PROV241;Silvenar;;;;;;;;;;;;;x
PROV242;Emperor's Run;;;;;;;;;;;;;x
PROV243;Bal Fall;;;;;;;;;;;;;x
PROV244;Haven;;;;;;;;;;;;;x
PROV245;Cormair;;;;;;;;;;;;;x
PROV246;Southpoint;;;;;;;;;;;;;x
PROV247;Eaglevale;;;;;;;;;;;;;x
PROV248;Heimdar;;;;;;;;;;;;;x
PROV249;Kathdar;;;;;;;;;;;;;x
PROV250;Lympar;;;;;;;;;;;;;x
PROV251;Wasten Brukbrook;;;;;;;;;;;;;x
PROV252;Elden Root;;;;;;;;;;;;;x
PROV253;Tarlain;;;;;;;;;;;;;x
PROV254;Jathsogur;;;;;;;;;;;;;x
PROV255;Marbruk;;;;;;;;;;;;;x
PROV256;Falinesti;;;;;;;;;;;;;x
PROV257;Longvale;;;;;;;;;;;;;x
PROV258;Silmoor;;;;;;;;;;;;;x
PROV259;Greenshade;;;;;;;;;;;;;x
PROV260;Greenheart;;;;;;;;;;;;;x
PROV261;Woodhearth;;;;;;;;;;;;;x
PROV262;Bouldertree;;;;;;;;;;;;;x
PROV263;Longhaven;;;;;;;;;;;;;x
PROV264;Elden Grove;;;;;;;;;;;;;x
PROV265;Diss;;;;;;;;;;;;;x
PROV266;Cloud Spring;;;;;;;;;;;;;x
PROV267;Westguard;;;;;;;;;;;;;x
PROV268;Vulkhel;;;;;;;;;;;;;x
PROV269;Karndar;;;;;;;;;;;;;x
PROV270;King's Watch;;;;;;;;;;;;;x
PROV271;Corgrad;;;;;;;;;;;;;x
PROV272;Sea Keep;;;;;;;;;;;;;x
PROV273;Ebon Stadmont;;;;;;;;;;;;;x
PROV274;Riverfield;;;;;;;;;;;;;x
PROV275;Riverwatch;;;;;;;;;;;;;x
PROV276;Marnor;;;;;;;;;;;;;x
PROV277;Glenview;;;;;;;;;;;;;x
PROV278;Rosefield;;;;;;;;;;;;;x
PROV279;Silverwood;;;;;;;;;;;;;x
PROV280;Thorheim;;;;;;;;;;;;;x
PROV281;Stirk;;;;;;;;;;;;;x
PROV282;Strand;;;;;;;;;;;;;x
PROV283;Hackdirt;;;;;;;;;;;;;x
PROV284;Shardrock;;;;;;;;;;;;;x
PROV285;Carmala;;;;;;;;;;;;;x
PROV286;Nonwyll;;;;;;;;;;;;;x
PROV287;Haynote;;;;;;;;;;;;;x
PROV288;Brindlehome;;;;;;;;;;;;;x
PROV289;Weye;;;;;;;;;;;;;x
PROV290;Homestead;;;;;;;;;;;;;x
PROV291;Harcane;;;;;;;;;;;;;x
PROV292;Bulwark;;;;;;;;;;;;;x
PROV293;Blackwood;;;;;;;;;;;;;x
PROV294;Cedrian;;;;;;;;;;;;;x
PROV295;Sundercliff;;;;;;;;;;;;;x
PROV296;Harlun;;;;;;;;;;;;;x
PROV297;Kingscrest;;;;;;;;;;;;;x
PROV298;Cloudruler;;;;;;;;;;;;;x
PROV299;Frostfire;;;;;;;;;;;;;x
PROV300;Irmgard;;;;;;;;;;;;;x
PROV301;Senardorn;;;;;;;;;;;;;x
PROV302;Alcoa;;;;;;;;;;;;;x
PROV303;Darklight;;;;;;;;;;;;;x
PROV304;Forelhost;;;;;;;;;;;;;x
PROV305;Nilheim;;;;;;;;;;;;;x
PROV306;Mistwatch;;;;;;;;;;;;;x
PROV307;Morvunskar;;;;;;;;;;;;;x
PROV308;Amol;;;;;;;;;;;;;x
PROV309;Fellhammer;;;;;;;;;;;;;x
PROV310;Frostflow;;;;;;;;;;;;;x
PROV311;Kastav;;;;;;;;;;;;;x
PROV312;Ironbind;;;;;;;;;;;;;x
PROV313;Saarthal;;;;;;;;;;;;;x
PROV314;Ravenscar;;;;;;;;;;;;;x
PROV315;Snowhawk;;;;;;;;;;;;;x
PROV316;Hraggstad;;;;;;;;;;;;;x
PROV317;Deepwood;;;;;;;;;;;;;x
PROV318;Highgate;;;;;;;;;;;;;x
PROV319;Coldrock;;;;;;;;;;;;;x
PROV320;Orotheim;;;;;;;;;;;;;x
PROV321;Ustungrav;;;;;;;;;;;;;x
PROV322;Skyborn;;;;;;;;;;;;;x
PROV323;Eldersblood;;;;;;;;;;;;;x
PROV324;Harmugstalh;;;;;;;;;;;;;x
PROV325;Bleakwind;;;;;;;;;;;;;x
PROV326;Sunderstone;;;;;;;;;;;;;x
PROV327;Brittleshin Pass;;;;;;;;;;;;;x
PROV328;Glenmoril;;;;;;;;;;;;;x
PROV329;Neugrad;;;;;;;;;;;;;x
PROV330;Hrothgar;;;;;;;;;;;;;x
PROV331;Greywinter;;;;;;;;;;;;;x
PROV332;Fellglow;;;;;;;;;;;;;x
PROV333;Shearpoint;;;;;;;;;;;;;x
PROV334;Korvanjund;;;;;;;;;;;;;x
PROV335;Volunruud;;;;;;;;;;;;;x
PROV336;Chasepoint;;;;;;;;;;;;;x
PROV337;Blackmarsh;;;;;;;;;;;;;x
PROV338;Rockguard;;;;;;;;;;;;;x
PROV339;Felmarsh;;;;;;;;;;;;;x
PROV340;Riverbridge;;;;;;;;;;;;;x
PROV341;Padomeic;;;;;;;;;;;;;x
PROV342;Red Mountain;;;;;;;;;;;;;x
PROV343;Blackhaven;;;;;;;;;;;;;x
PROV344;Seaspring;;;;;;;;;;;;;x
PROV345;Meirhall;;;;;;;;;;;;;x
PROV346;Shademarsh;;;;;;;;;;;;;x
PROV347;Ald'Ruhn;;;;;;;;;;;;;x
PROV348;Suran;;;;;;;;;;;;;x
PROV349;Maar Gan;;;;;;;;;;;;;x
PROV350;Tiguna;;;;;;;;;;;;;x
PROV351;Pyrrahn;;;;;;;;;;;;;x
PROV352;Arcantys;;;;;;;;;;;;;x
PROV353;Bondar;;;;;;;;;;;;;x
PROV354;Vallas;;;;;;;;;;;;;x
PROV355;Kituna;;;;;;;;;;;;;x
PROV356;Baga;;;;;;;;;;;;;x
PROV357;Wega;;;;;;;;;;;;;x
PROV358;Akuna;;;;;;;;;;;;;x
PROV359;Abbarbas;;;;;;;;;;;;;x
PROV360;Gaddu;;;;;;;;;;;;;x
PROV361;Pontu;;;;;;;;;;;;;x
PROV362;Etho Sul;;;;;;;;;;;;;x
PROV363;Mantu;;;;;;;;;;;;;x
PROV364;Banta;;;;;;;;;;;;;x
PROV365;Secula;;;;;;;;;;;;;x
PROV366;Acacyn;;;;;;;;;;;;;x
PROV367;Cappado;;;;;;;;;;;;;x
PROV368;Epiru;;;;;;;;;;;;;x
PROV369;Omnia;;;;;;;;;;;;;x
PROV370;Cato Ydur;;;;;;;;;;;;;x
PROV371;Cormaris;;;;;;;;;;;;;x
PROV372;Belemis;;;;;;;;;;;;;x
PROV373;Varanis;;;;;;;;;;;;;x
PROV374;Velothis;;;;;;;;;;;;;x
PROV375;Thir;;;;;;;;;;;;;x
PROV376;Ouada;;;;;;;;;;;;;x
PROV377;Valus;;;;;;;;;;;;;x
PROV378;Heimlyn;;;;;;;;;;;;;x
PROV379;Deshaan;;;;;;;;;;;;;x
PROV380;Silnion;;;;;;;;;;;;;x
PROV381;Larsus;;;;;;;;;;;;;x
PROV382;Kithendis;;;;;;;;;;;;;x
PROV383;Severa;;;;;;;;;;;;;x
PROV384;Omavel;;;;;;;;;;;;;x
PROV385;Padomai;;;;;;;;;;;;;x
PROV386;Old Keep;;;;;;;;;;;;;x
PROV387;Serothan;;;;;;;;;;;;;x
PROV388;Uveran;;;;;;;;;;;;;x
PROV389;Muthada;;;;;;;;;;;;;x
PROV390;Narrusa;;;;;;;;;;;;;x
PROV391;Adurin;;;;;;;;;;;;;x
PROV392;Mothriva;;;;;;;;;;;;;x
PROV393;Ranyon-Ruhn;;;;;;;;;;;;;x
PROV394;Oren;;;;;;;;;;;;;x
PROV395;Uradas;;;;;;;;;;;;;x
PROV396;Gar Sadrith;;;;;;;;;;;;;x
PROV397;Sadas;;;;;;;;;;;;;x
PROV398;Thenim;;;;;;;;;;;;;x
PROV399;Lolthanis;;;;;;;;;;;;;x
PROV400;Helnim;;;;;;;;;;;;;x
PROV401;Sarvanni;;;;;;;;;;;;;x
PROV402;Halaran;;;;;;;;;;;;;x
PROV403;Quin'Rawl;;;;;;;;;;;;;x
PROV404;Southsea;;;;;;;;;;;;;x
PROV405;Eshita;;;;;;;;;;;;;x
PROV406;Tenmar;;;;;;;;;;;;;x
PROV407;Isthme;;;;;;;;;;;;;x
PROV408;Potidae;;;;;;;;;;;;;x
PROV409;Durres;;;;;;;;;;;;;x
PROV410;Khajay;;;;;;;;;;;;;x
PROV411;Ohmes;;;;;;;;;;;;;x
PROV412;Cathay;;;;;;;;;;;;;x
PROV413;Ne Quin-Al;;;;;;;;;;;;;x
PROV414;The Badlands;;;;;;;;;;;;;x
PROV415;Keirgo;;;;;;;;;;;;;x
PROV416;Saimsil;;;;;;;;;;;;;x
PROV417;Periandor;;;;;;;;;;;;;x
PROV418;Sagos;;;;;;;;;;;;;x
PROV419;Argolis;;;;;;;;;;;;;x
PROV420;Dargan;;;;;;;;;;;;;x
PROV421;Merick;;;;;;;;;;;;;x
PROV422;Ikerrin;;;;;;;;;;;;;x
PROV423;Cronan;;;;;;;;;;;;;x
PROV424;Ynisfall;;;;;;;;;;;;;x
PROV425;Graymont;;;;;;;;;;;;;x
PROV426;Shady Sands;;;;;;;;;;;;;x
PROV427;Dragongrove;;;;;;;;;;;;;x
PROV428;Sunkeep;;;;;;;;;;;;;x
PROV429;Abidon;;;;;;;;;;;;;x
PROV430;Rex;;;;;;;;;;;;;x
PROV431;Lainebon;;;;;;;;;;;;;x
PROV432;Hnas;;;;;;;;;;;;;x
PROV433;Oran;;;;;;;;;;;;;x
PROV434;Tigonus;;;;;;;;;;;;;x
PROV435;Vulnim;;;;;;;;;;;;;x
PROV436;Brena;;;;;;;;;;;;;x
PROV437;Jandal;;;;;;;;;;;;;x
PROV438;Saif;;;;;;;;;;;;;x
PROV439;Hafar;;;;;;;;;;;;;x
PROV440;Ahvaz;;;;;;;;;;;;;x
PROV441;Djenne;;;;;;;;;;;;;x
PROV442;Khael;;;;;;;;;;;;;x
PROV443;Dragongate;;;;;;;;;;;;;x
PROV444;Quey;;;;;;;;;;;;;x
PROV445;Dragonwall;;;;;;;;;;;;;x
PROV446;Lankhmar;;;;;;;;;;;;;x
PROV447;Masad;;;;;;;;;;;;;x
PROV448;Lankara;;;;;;;;;;;;;x
PROV449;Santaki;;;;;;;;;;;;;x
PROV450;Helra;;;;;;;;;;;;;x
PROV451;Dragontail;;;;;;;;;;;;;x
PROV452;Saray;;;;;;;;;;;;;x
PROV453;Zahedann;;;;;;;;;;;;;x
PROV454;Namien;;;;;;;;;;;;;x
PROV455;Kamery;;;;;;;;;;;;;x
PROV456;Garret;;;;;;;;;;;;;x
PROV457;Abdir;;;;;;;;;;;;;x
PROV458;Shalgora;;;;;;;;;;;;;x
PROV459;Betony;;;;;;;;;;;;;x
PROV460;Thorkan;;;;;;;;;;;;;x
PROV461;Alcaire;;;;;;;;;;;;;x
PROV462;Menevia;;;;;;;;;;;;;x
PROV463;Bjoulsae;;;;;;;;;;;;;x
PROV464;Northmoor;;;;;;;;;;;;;x
PROV465;Penmarch;;;;;;;;;;;;;x
PROV466;Ykalon;;;;;;;;;;;;;x
PROV467;Orvault;;;;;;;;;;;;;x
PROV468;Blain;;;;;;;;;;;;;x
PROV469;Lorient;;;;;;;;;;;;;x
PROV470;Wrothgarian;;;;;;;;;;;;;x
PROV471;Old Gate;;;;;;;;;;;;;x
PROV472;Dorven;;;;;;;;;;;;;x
PROV473;Shieldwall;;;;;;;;;;;;;x
PROV474;Castlejoy;;;;;;;;;;;;;x
PROV475;Kathgran;;;;;;;;;;;;;x
PROV476;Royan;;;;;;;;;;;;;x
PROV477;Lesperon;;;;;;;;;;;;;x
PROV478;Southisle;;;;;;;;;;;;;x
PROV479;Alara;;;;;;;;;;;;;x
PROV480;Llanowar;;;;;;;;;;;;;x
PROV481;Arnor;;;;;;;;;;;;;x
PROV482;Thornwall;;;;;;;;;;;;;x
PROV483;Blackpark;;;;;;;;;;;;;x
PROV484;Greenhall;;;;;;;;;;;;;x
PROV485;Daresen;;;;;;;;;;;;;x
PROV486;Valental;;;;;;;;;;;;;x
PROV487;Wirewood;;;;;;;;;;;;;x
PROV488;Timberwatch;;;;;;;;;;;;;x
PROV489;Balsquare;;;;;;;;;;;;;x
PROV490;Briarpatch;;;;;;;;;;;;;x
PROV491;Moonglade;;;;;;;;;;;;;x
PROV492;Quirion;;;;;;;;;;;;;x
PROV493;Weatherseed;;;;;;;;;;;;;x
PROV494;Thormar;;;;;;;;;;;;;x
PROV495;Darkwatch;;;;;;;;;;;;;x
PROV496;Willowind;;;;;;;;;;;;;x
PROV497;Archen Cormount;;;;;;;;;;;;;x
PROV498;Vinewall;;;;;;;;;;;;;x
PROV499;Eastwood;;;;;;;;;;;;;x
PROV500;Nettleshin;;;;;;;;;;;;;x
PROV501;Bramblewood;;;;;;;;;;;;;x
PROV502;Vengevine;;;;;;;;;;;;;x
PROV503;Gilverdale;;;;;;;;;;;;;x
PROV504;Snapvine;;;;;;;;;;;;;x
PROV505;Marbrook;;;;;;;;;;;;;x
PROV506;Whiteguard;;;;;;;;;;;;;x
PROV507;Graddun;;;;;;;;;;;;;x
PROV508;King's Haven;;;;;;;;;;;;;x
PROV509;Ebon Glen;;;;;;;;;;;;;x
PROV510;Ironbark;;;;;;;;;;;;;x
PROV511;Old Falls;;;;;;;;;;;;;x
PROV512;Dragonpond;;;;;;;;;;;;;x
PROV513;Mergrove;;;;;;;;;;;;;x
PROV514;Deerhollow;;;;;;;;;;;;;x
PROV515;Eldara;;;;;;;;;;;;;x
PROV516;Sonnen;;;;;;;;;;;;;x
PROV517;Vesilon;;;;;;;;;;;;;x
PROV518;Kovelir;;;;;;;;;;;;;x
PROV519;Galandra;;;;;;;;;;;;;x
PROV520;Cliffwatch;;;;;;;;;;;;;x
PROV521;Seamist;;;;;;;;;;;;;x
PROV522;Northspring;;;;;;;;;;;;;x
PROV523;Shatterwood;;;;;;;;;;;;;x
PROV524;Archen Grangrove;;;;;;;;;;;;;x
PROV525;Jaspet;;;;;;;;;;;;;x
PROV526;Cespar;;;;;;;;;;;;;x
PROV527;Herne;;;;;;;;;;;;;x
PROV528;Topal;;;;;;;;;;;;;x
PROV529;Veldspar;;;;;;;;;;;;;x
PROV530;Wasten Coridale;;;;;;;;;;;;;x
PROV531;Belport Run;;;;;;;;;;;;;x
PROV532;Varro;;;;;;;;;;;;;x
PROV533;Vos;;;;;;;;;;;;;x
PROV534;Harrow Well;;;;;;;;;;;;;x
PROV535;Carmar;;;;;;;;;;;;;x
PROV536;Lochfort;;;;;;;;;;;;;x
PROV537;Blackwater;;;;;;;;;;;;;x
PROV538;Coldmoor;;;;;;;;;;;;;x
PROV539;Dinab;;;;;;;;;;;;;x
PROV540;Gondar;;;;;;;;;;;;;x
PROV541;Ubuntu;;;;;;;;;;;;;x
PROV542;Sahul;;;;;;;;;;;;;x
PROV543;Hanar;;;;;;;;;;;;;x
PROV544;Grimrock;;;;;;;;;;;;;x
PROV545;Orlais;;;;;;;;;;;;;x
PROV546;Aubigny;;;;;;;;;;;;;x
PROV547;Abah;;;;;;;;;;;;;x
PROV548;Bloodhorn;;;;;;;;;;;;;x
PROV549;Lagos;;;;;;;;;;;;;x
PROV550;Pellame;;;;;;;;;;;;;x
PROV551;Bogwraith;;;;;;;;;;;;;x
PROV552;Marr;;;;;;;;;;;;;x
PROV553;Shadowmarsh;;;;;;;;;;;;;x
PROV554;Garthim;;;;;;;;;;;;;x
PROV555;Marshwell;;;;;;;;;;;;;x
PROV556;Middlemarch;;;;;;;;;;;;;x
PROV557;Cambrian;;;;;;;;;;;;;x
PROV558;Tulune;;;;;;;;;;;;;x
PROV559;Rhanano;;;;;;;;;;;;;x
PROV560;Ayasofya;;;;;;;;;;;;;x
PROV561;Roukad;;;;;;;;;;;;;x
PROV562;Wadathe;;;;;;;;;;;;;x
PROV563;Matama;;;;;;;;;;;;;x
PROV564;Aidhab;;;;;;;;;;;;;x
PROV565;Hare's Cross;;;;;;;;;;;;;x
PROV566;Haran;;;;;;;;;;;;;x
PROV567;Agadem;;;;;;;;;;;;;x
PROV568;Rimwatch;;;;;;;;;;;;;x
PROV569;Garlas;;;;;;;;;;;;;x
PROV570;Trumbe;;;;;;;;;;;;;x
PROV571;Jodestone;;;;;;;;;;;;;x
PROV572;Corinawl;;;;;;;;;;;;;x
PROV573;Varus;;;;;;;;;;;;;x
PROV574;Brittlerock;;;;;;;;;;;;;x
PROV575;Dasekmoor;;;;;;;;;;;;;x
PROV576;Miscarcand;;;;;;;;;;;;;x
PROV577;Varondo;;;;;;;;;;;;;x
PROV578;Cloudtop;;;;;;;;;;;;;x
PROV579;Hrotanda;;;;;;;;;;;;;x
PROV580;Shadow's Rest;;;;;;;;;;;;;x
PROV581;Pale Pass;;;;;;;;;;;;;x
PROV582;Underpall;;;;;;;;;;;;;x
PROV583;Moranda;;;;;;;;;;;;;x
PROV584;Glademist;;;;;;;;;;;;;x
PROV585;Yellowtick;;;;;;;;;;;;;x
PROV586;Nornalhorst;;;;;;;;;;;;;x
PROV587;Silorn;;;;;;;;;;;;;x
PROV588;Grayrock;;;;;;;;;;;;;x
PROV589;Virtue;;;;;;;;;;;;;x
PROV590;Wenyandawik;;;;;;;;;;;;;x
PROV591;Pell's Gate;;;;;;;;;;;;;x
PROV592;Eastwatch;;;;;;;;;;;;;x
PROV593;Sercen;;;;;;;;;;;;;x
PROV594;Vilverin;;;;;;;;;;;;;x
PROV595;Cropsford;;;;;;;;;;;;;x
PROV596;Culotte;;;;;;;;;;;;;x
PROV597;Nagastani;;;;;;;;;;;;;x
PROV598;Applewatch;;;;;;;;;;;;;x
PROV599;Dragonclaw;;;;;;;;;;;;;x
PROV600;Anga;;;;;;;;;;;;;x
PROV601;Redruby;;;;;;;;;;;;;x
PROV602;Sedor;;;;;;;;;;;;;x
PROV603;Fanacas;;;;;;;;;;;;;x
PROV604;Arrius;;;;;;;;;;;;;x
PROV605;Belda;;;;;;;;;;;;;x
PROV606;Aldos;;;;;;;;;;;;;x
PROV607;Kemen;;;;;;;;;;;;;x
PROV608;Vahtacen;;;;;;;;;;;;;x
PROV609;Drakelowe;;;;;;;;;;;;;x
PROV610;Hame;;;;;;;;;;;;;x
PROV611;Bramblepoint;;;;;;;;;;;;;x
PROV612;Dunval;;;;;;;;;;;;;x
PROV613;Maberumi;;;;;;;;;;;;;x
PROV614;Mackamentain;;;;;;;;;;;;;x
PROV615;Malada;;;;;;;;;;;;;x
PROV616;Cuptor;;;;;;;;;;;;;x
PROV617;Wendelbek;;;;;;;;;;;;;x
PROV618;Bloodrun;;;;;;;;;;;;;x
PROV619;Doublecross;;;;;;;;;;;;;x
PROV620;Blankenmarch;;;;;;;;;;;;;x
PROV621;Morahame;;;;;;;;;;;;;x
PROV622;Goldthroat;;;;;;;;;;;;;x
PROV623;Darkfathom;;;;;;;;;;;;;x
PROV624;Tagon;;;;;;;;;;;;;x
PROV625;Rhasakan;;;;;;;;;;;;;x
PROV626;Taleskan;;;;;;;;;;;;;x
PROV627;Kevalla;;;;;;;;;;;;;x
PROV628;Teth;;;;;;;;;;;;;x
PROV629;Lagon;;;;;;;;;;;;;x
PROV630;Kanesh;;;;;;;;;;;;;x
PROV631;Sora;;;;;;;;;;;;;x
PROV632;Yul;;;;;;;;;;;;;x
PROV633;Samara;;;;;;;;;;;;;x
PROV634;Yath;;;;;;;;;;;;;x
PROV635;Siuol Yelir;;;;;;;;;;;;;x
PROV636;Ravan;;;;;;;;;;;;;x
PROV637;Sy'ut;;;;;;;;;;;;;x
PROV638;Ba'ut;;;;;;;;;;;;;x
PROV639;Nalonga;;;;;;;;;;;;;x
PROV640;Helkune;;;;;;;;;;;;;x
PROV641;Torhold;;;;;;;;;;;;;x
PROV642;Aneirvale;;;;;;;;;;;;;x
PROV643;Darkhor;;;;;;;;;;;;;x
PROV644;Toprest;;;;;;;;;;;;;x
PROV645;Duncinthe;;;;;;;;;;;;;x
PROV646;Memrove;;;;;;;;;;;;;x
PROV647;Tornthe;;;;;;;;;;;;;x
PROV648;Alcrest;;;;;;;;;;;;;x
PROV649;Meirrest;;;;;;;;;;;;;x
PROV650;Sencrest;;;;;;;;;;;;;x
PROV651;Coren;;;;;;;;;;;;;x
PROV652;Masdorn;;;;;;;;;;;;;x
PROV653;Darhold;;;;;;;;;;;;;x
PROV654;Margen;;;;;;;;;;;;;x
PROV655;Alkarth;;;;;;;;;;;;;x
PROV656;Greenpoint;;;;;;;;;;;;;x
PROV657;Havisti;;;;;;;;;;;;;x
PROV658;Hearthgrove;;;;;;;;;;;;;x
PROV659;Balinesti;;;;;;;;;;;;;x
PROV660;Gnarledroot;;;;;;;;;;;;;x
PROV661;Heartbush;;;;;;;;;;;;;x
PROV662;Eldenbush;;;;;;;;;;;;;x
PROV663;Woodroot;;;;;;;;;;;;;x
PROV664;Glenguard;;;;;;;;;;;;;x
PROV665;Skywatch;;;;;;;;;;;;;x
PROV666;Silverguard;;;;;;;;;;;;;x
PROV667;Seawasten;;;;;;;;;;;;;x
PROV668;Marnandril;;;;;;;;;;;;;x
PROV669;Karnwood;;;;;;;;;;;;;x
PROV670;Silvernor;;;;;;;;;;;;;x
PROV671;Marnwatch;;;;;;;;;;;;;x
PROV672;Sunwood;;;;;;;;;;;;;x
PROV673;Sunarnor;;;;;;;;;;;;;x
PROV674;Duskwood;;;;;;;;;;;;;x
PROV675;Sunnor;;;;;;;;;;;;;x
PROV676;Karnview;;;;;;;;;;;;;x
PROV677;Lillarnor;;;;;;;;;;;;;x
PROV678;Glenandril;;;;;;;;;;;;;x
PROV679;Oraxia;;;;;;;;;;;;;x
PROV680;Aldera;;;;;;;;;;;;;x
PROV681;Almhold;;;;;;;;;;;;;x
PROV682;Adurra;;;;;;;;;;;;;x
PROV683;Darissa;;;;;;;;;;;;;x
PROV684;Ornhold;;;;;;;;;;;;;x
PROV685;Nardurin;;;;;;;;;;;;;x
PROV686;Padani;;;;;;;;;;;;;x
PROV687;Prathan;;;;;;;;;;;;;x
PROV688;Narhold;;;;;;;;;;;;;x
PROV689;Salan;;;;;;;;;;;;;x
PROV690;Bosica;;;;;;;;;;;;;x
PROV691;Tel Ansi;;;;;;;;;;;;;x
PROV692;Darmora;;;;;;;;;;;;;x
PROV693;Ordurin;;;;;;;;;;;;;x
PROV694;Narthan;;;;;;;;;;;;;x
PROV695;Bal Foyen;;;;;;;;;;;;;x
PROV696;Salmaxia;;;;;;;;;;;;;x
PROV697;Uveria;;;;;;;;;;;;;x
PROV698;Orcrom;;;;;;;;;;;;;x
PROV699;Narmora;;;;;;;;;;;;;x
PROV700;Dardurin;;;;;;;;;;;;;x
PROV701;Tel Sarthis;;;;;;;;;;;;;x
PROV702;Almrothan;;;;;;;;;;;;;x
PROV703;Falkhammer;;;;;;;;;;;;;x
PROV704;Bleakwall;;;;;;;;;;;;;x
PROV705;Ustunpass;;;;;;;;;;;;;x
PROV706;Aalto;;;;;;;;;;;;;x
PROV707;Valtheim;;;;;;;;;;;;;x
PROV708;Shorflow;;;;;;;;;;;;;x
PROV709;Coldwinter;;;;;;;;;;;;;x
PROV710;Ravenstead;;;;;;;;;;;;;x
PROV711;Valtgard;;;;;;;;;;;;;x
PROV712;Snowgrad;;;;;;;;;;;;;x
PROV713;Bannerwatch;;;;;;;;;;;;;x
PROV714;Morvunhall;;;;;;;;;;;;;x
PROV715;Coldwind;;;;;;;;;;;;;x
PROV716;Coldstone;;;;;;;;;;;;;x
PROV717;Whiteflow;;;;;;;;;;;;;x
PROV718;Ustunhall;;;;;;;;;;;;;x
PROV719;Ravenhall;;;;;;;;;;;;;x
PROV720;Westmarch;;;;;;;;;;;;;x
PROV721;Skyhammer;;;;;;;;;;;;;x
PROV722;Hraggen;;;;;;;;;;;;;x
PROV723;Scarhammer;;;;;;;;;;;;;x
PROV724;Ironheim;;;;;;;;;;;;;x
PROV725;Morgate;;;;;;;;;;;;;x
PROV726;Ironpoint;;;;;;;;;;;;;x
PROV727;Skymarch;;;;;;;;;;;;;x
PROV728;Dunmarch;;;;;;;;;;;;;x
PROV729;Greymarch;;;;;;;;;;;;;x
PROV730;Whitewatch;;;;;;;;;;;;;x
PROV731;Yneslea;;;;;;;;;;;;;x
PROV732;Anequey;;;;;;;;;;;;;x
PROV733;Ilaquey;;;;;;;;;;;;;x
PROV734;Itil;;;;;;;;;;;;;x
PROV735;Esroniet;;;;;;;;;;;;;x
PROV736;Yntao;;;;;;;;;;;;;x
PROV737;Adeniet;;;;;;;;;;;;;x
PROV738;Lor;;;;;;;;;;;;;x
PROV739;Kidal;;;;;;;;;;;;;x
PROV740;Rama;;;;;;;;;;;;;x
PROV741;Ang Het;;;;;;;;;;;;;x
PROV742;Tang On;;;;;;;;;;;;;x
PROV743;Than Mo;;;;;;;;;;;;;x
PROV744;Prachata;;;;;;;;;;;;;x
PROV745;Thayala;;;;;;;;;;;;;x
PROV746;Mae Taphut;;;;;;;;;;;;;x
PROV747;Langkhon;;;;;;;;;;;;;x
PROV748;Latchanaburi;;;;;;;;;;;;;x
PROV749;Ang Po;;;;;;;;;;;;;x
PROV750;Ratchata;;;;;;;;;;;;;x
PROV751;Ratchasima;;;;;;;;;;;;;x
PROV752;Latthaburi;;;;;;;;;;;;;x
PROV753;Tang Yala;;;;;;;;;;;;;x
PROV754;Ratcharang;;;;;;;;;;;;;x
PROV755;Panyat;;;;;;;;;;;;;x
PROV756;Om Kok;;;;;;;;;;;;;x
PROV757;Dunggoon;;;;;;;;;;;;;x
PROV758;Kankham;;;;;;;;;;;;;x
PROV759;Tongtou;;;;;;;;;;;;;x
PROV760;Chungzi;;;;;;;;;;;;;x
PROV761;Shiung;;;;;;;;;;;;;x
PROV762;Giruma;;;;;;;;;;;;;x
PROV763;Ciman;;;;;;;;;;;;;x
PROV764;Lautah;;;;;;;;;;;;;x
PROV765;Ho Fa;;;;;;;;;;;;;x
PROV766;Chuenbo;;;;;;;;;;;;;x
PROV767;Hianwo;;;;;;;;;;;;;x
PROV768;Nod;;;;;;;;;;;;;x
PROV769;Homshing;;;;;;;;;;;;;x
PROV770;Wu Li;;;;;;;;;;;;;x
PROV771;Shuobi;;;;;;;;;;;;;x
PROV772;Tsuishan;;;;;;;;;;;;;x
PROV773;Hengyuan;;;;;;;;;;;;;x
PROV774;Qao;;;;;;;;;;;;;x
PROV775;Kamipung;;;;;;;;;;;;;x
PROV776;Indratra;;;;;;;;;;;;;x
PROV777;Manjung;;;;;;;;;;;;;x
PROV778;Pu Mai;;;;;;;;;;;;;x
PROV779;Na Mai;;;;;;;;;;;;;x
PROV780;Ho Bei;;;;;;;;;;;;;x
PROV781;Mae San;;;;;;;;;;;;;x
PROV782;Meruma;;;;;;;;;;;;;x
PROV783;Rammak;;;;;;;;;;;;;x
PROV784;Pekman;;;;;;;;;;;;;x
PROV785;Siwesi;;;;;;;;;;;;;x
PROV786;Sarcal;;;;;;;;;;;;;x
PROV787;Amalok;;;;;;;;;;;;;x
PROV788;Viplam;;;;;;;;;;;;;x
PROV789;Batar;;;;;;;;;;;;;x
PROV790;Giru Torat;;;;;;;;;;;;;x
PROV791;Tisat;;;;;;;;;;;;;x
PROV792;Cirat;;;;;;;;;;;;;x
PROV793;Woshojo;;;;;;;;;;;;;x
PROV794;Totoshi;;;;;;;;;;;;;x
PROV795;Chanubi;;;;;;;;;;;;;x
PROV796;Gikiro;;;;;;;;;;;;;x
PROV797;Ijato;;;;;;;;;;;;;x
PROV798;Puryosu;;;;;;;;;;;;;x
PROV799;Surakota;;;;;;;;;;;;;x
PROV800;Nuak;;;;;;;;;;;;;x
PROV801;Vatak;;;;;;;;;;;;;x
PROV802;Gorling;;;;;;;;;;;;;x
PROV803;Jatan;;;;;;;;;;;;;x
PROV804;Conak;;;;;;;;;;;;;x
PROV805;Karitu;;;;;;;;;;;;;x
PROV806;Cotu;;;;;;;;;;;;;x
PROV807;Badang;;;;;;;;;;;;;x
PROV808;Mekaya;;;;;;;;;;;;;x
PROV809;Darlam;;;;;;;;;;;;;x
PROV810;Shingliu;;;;;;;;;;;;;x
PROV811;Gitu;;;;;;;;;;;;;x
PROV812;Henghua;;;;;;;;;;;;;x
PROV813;Ho Wan;;;;;;;;;;;;;x
PROV814;Aya;;;;;;;;;;;;;x
PROV815;Changzi;;;;;;;;;;;;;x
PROV816;Xia Zi;;;;;;;;;;;;;x
PROV817;Ramling;;;;;;;;;;;;;x
PROV818;Volatra;;;;;;;;;;;;;x
PROV819;Beku;;;;;;;;;;;;;x
PROV820;Xiatung;;;;;;;;;;;;;x
PROV821;Yichung;;;;;;;;;;;;;x
PROV822;Tadesa;;;;;;;;;;;;;x
PROV823;Taku;;;;;;;;;;;;;x
PROV824;Suratra;;;;;;;;;;;;;x
PROV825;Amalam;;;;;;;;;;;;;x
PROV826;Vaspung;;;;;;;;;;;;;x
PROV827;Gili;;;;;;;;;;;;;x
PROV828;Copang;;;;;;;;;;;;;x
PROV829;Arat;;;;;;;;;;;;;x
PROV830;Tasikku;;;;;;;;;;;;;x
PROV831;Herpung;;;;;;;;;;;;;x
PROV832;Kariwesi;;;;;;;;;;;;;x
PROV833;Towesi;;;;;;;;;;;;;x
PROV834;Cidang;;;;;;;;;;;;;x
PROV835;Carakal;;;;;;;;;;;;;x
PROV836;Papraya;;;;;;;;;;;;;x
PROV837;Focsat;;;;;;;;;;;;;x
PROV838;Tilang;;;;;;;;;;;;;x
PROV839;Radet;;;;;;;;;;;;;x
PROV840;Meralang;;;;;;;;;;;;;x
PROV841;Darang;;;;;;;;;;;;;x
PROV842;Beishan;;;;;;;;;;;;;x
PROV843;Nanshan;;;;;;;;;;;;;x
PROV844;Bisat;;;;;;;;;;;;;x
PROV845;Shingen;;;;;;;;;;;;;x
PROV846;Shien;;;;;;;;;;;;;x
PROV847;Nanchung;;;;;;;;;;;;;x
PROV848;Soggi;;;;;;;;;;;;;x
PROV849;Asp;;;;;;;;;;;;;x
PROV850;Hawlok;;;;;;;;;;;;;x
PROV851;Sivera;;;;;;;;;;;;;x
PROV852;Ying Zi;;;;;;;;;;;;;x
PROV853;Wanchu;;;;;;;;;;;;;x
PROV854;Chuenho;;;;;;;;;;;;;x
PROV855;Amadesa;;;;;;;;;;;;;x
PROV856;Zekota;;;;;;;;;;;;;x
PROV857;Vataek;;;;;;;;;;;;;x
PROV858;Wu Jian;;;;;;;;;;;;;x
PROV859;Saibao;;;;;;;;;;;;;x
PROV860;Binaiki;;;;;;;;;;;;;x
PROV861;Aikaya;;;;;;;;;;;;;x
PROV862;Amakal;;;;;;;;;;;;;x
PROV863;Sumyaw;;;;;;;;;;;;;x
PROV864;Lautsat;;;;;;;;;;;;;x
PROV865;Tilui;;;;;;;;;;;;;x
PROV866;Vaswa;;;;;;;;;;;;;x
PROV867;Gilam;;;;;;;;;;;;;x
PROV868;Bukduk;;;;;;;;;;;;;x
PROV869;Aikeni;;;;;;;;;;;;;x
PROV870;Darjar;;;;;;;;;;;;;x
PROV871;Sigpuan;;;;;;;;;;;;;x
PROV872;Sabatra;;;;;;;;;;;;;x
PROV873;Pedraha;;;;;;;;;;;;;x
PROV874;Vangra;;;;;;;;;;;;;x
PROV875;Ynrah;;;;;;;;;;;;;x
PROV876;Kediskele;;;;;;;;;;;;;x
PROV877;Sisao;;;;;;;;;;;;;x
PROV878;Samorfez;;;;;;;;;;;;;x
PROV879;Hua Chang;;;;;;;;;;;;;x
PROV880;Kadmal;;;;;;;;;;;;;x
PROV881;Sinak;;;;;;;;;;;;;x
PROV882;Kumuuk;;;;;;;;;;;;;x
PROV883;Izmiltep;;;;;;;;;;;;;x
PROV884;Kamum;;;;;;;;;;;;;x
PROV885;Akrum;;;;;;;;;;;;;x
PROV886;Samahya;;;;;;;;;;;;;x
PROV887;Mahala;;;;;;;;;;;;;x
PROV888;Chadahan;;;;;;;;;;;;;x
PROV889;Askarimir;;;;;;;;;;;;;x
PROV890;Samon;;;;;;;;;;;;;x
PROV891;Burfez;;;;;;;;;;;;;x
PROV892;Banglasin;;;;;;;;;;;;;x
PROV893;Chiangmai;;;;;;;;;;;;;x
PROV894;Vanseri;;;;;;;;;;;;;x
PROV895;Ofusu;;;;;;;;;;;;;x
PROV896;Korsus;;;;;;;;;;;;;x
PROV897;Izmursa;;;;;;;;;;;;;x
PROV898;Bingursa;;;;;;;;;;;;;x
PROV899;Karum;;;;;;;;;;;;;x
PROV900;Boluya;;;;;;;;;;;;;x
PROV901;Kiraman;;;;;;;;;;;;;x
PROV902;Shansin;;;;;;;;;;;;;x
PROV903;Burvas;;;;;;;;;;;;;x
PROV904;Karfa;;;;;;;;;;;;;x
PROV905;Mahawat;;;;;;;;;;;;;x
PROV906;Takuathaburi;;;;;;;;;;;;;x
PROV907;Batozan;;;;;;;;;;;;;x
PROV908;Sivabakir;;;;;;;;;;;;;x
PROV909;Golig;;;;;;;;;;;;;x
PROV910;Tekirzan;;;;;;;;;;;;;x
PROV911;Kayara;;;;;;;;;;;;;x
PROV912;Lampang;;;;;;;;;;;;;x
PROV913;Burising;;;;;;;;;;;;;x
PROV914;Khonkhoi;;;;;;;;;;;;;x
PROV915;Chianglam;;;;;;;;;;;;;x
PROV916;Aksana;;;;;;;;;;;;;x
PROV917;Antara;;;;;;;;;;;;;x
PROV918;Nanpong;;;;;;;;;;;;;x
PROV919;Puchang;;;;;;;;;;;;;x
PROV920;Thanyarachan;;;;;;;;;;;;;x
PROV921;Afyfa;;;;;;;;;;;;;x
PROV922;Diyakale;;;;;;;;;;;;;x
PROV923;Lang Thong;;;;;;;;;;;;;x
PROV924;Kaur;;;;;;;;;;;;;x
PROV925;Tarshehir;;;;;;;;;;;;;x
PROV926;Diyarum;;;;;;;;;;;;;x
PROV927;Musehir;;;;;;;;;;;;;x
PROV928;Adhisar;;;;;;;;;;;;;x
PROV929;Bursana;;;;;;;;;;;;;x
PROV930;Bolkara;;;;;;;;;;;;;x
PROV931;Vanya;;;;;;;;;;;;;x
PROV932;Ankar;;;;;;;;;;;;;x
PROV933;Sananthaburi;;;;;;;;;;;;;x
PROV934;Erzhir;;;;;;;;;;;;;x
PROV935;Kahmaras;;;;;;;;;;;;;x
PROV936;Kozain;;;;;;;;;;;;;x
PROV937;Mashamir;;;;;;;;;;;;;x
PROV938;Udon Thani;;;;;;;;;;;;;x
PROV939;Balima;;;;;;;;;;;;;x
PROV940;Bolukars;;;;;;;;;;;;;x
PROV941;Battalya;;;;;;;;;;;;;x
PROV942;Marfez;;;;;;;;;;;;;x
PROV943;Manivas;;;;;;;;;;;;;x
PROV944;Jadahar;;;;;;;;;;;;;x
PROV945;Burzmir;;;;;;;;;;;;;x
PROV946;Korica;;;;;;;;;;;;;x
PROV947;Kamori;;;;;;;;;;;;;x
PROV948;Katapur;;;;;;;;;;;;;x
PROV949;Kadagri;;;;;;;;;;;;;x
PROV950;Gazum;;;;;;;;;;;;;x
PROV951;Kahrahir;;;;;;;;;;;;;x
PROV952;Elazrum;;;;;;;;;;;;;x
PROV953;Musorfez;;;;;;;;;;;;;x
PROV954;Behar;;;;;;;;;;;;;x
PROV955;Baram;;;;;;;;;;;;;x
PROV956;Mirpur;;;;;;;;;;;;;x
PROV957;Kanaveh;;;;;;;;;;;;;x
PROV958;Usabul;;;;;;;;;;;;;x
PROV959;Samagri;;;;;;;;;;;;;x
PROV960;Qakhazan;;;;;;;;;;;;;x
PROV961;Izmalya;;;;;;;;;;;;;x
PROV962;Kaaz;;;;;;;;;;;;;x
PROV963;Durmur;;;;;;;;;;;;;x
PROV964;Sharur;;;;;;;;;;;;;x
PROV965;Sabirabad;;;;;;;;;;;;;x
PROV966;Surkh;;;;;;;;;;;;;x
PROV967;Konda;;;;;;;;;;;;;x
PROV968;Mujum;;;;;;;;;;;;;x
PROV969;Muk;;;;;;;;;;;;;x
PROV970;Garibak;;;;;;;;;;;;;x
PROV971;Karakon;;;;;;;;;;;;;x
PROV972;Nurak;;;;;;;;;;;;;x
PROV973;Qul;;;;;;;;;;;;;x
PROV974;Qusar;;;;;;;;;;;;;x
PROV975;Vashab;;;;;;;;;;;;;x
PROV976;Lohur;;;;;;;;;;;;;x
PROV977;Jamadur;;;;;;;;;;;;;x
PROV978;Temamir;;;;;;;;;;;;;x
PROV979;Ormanbod;;;;;;;;;;;;;x
PROV980;Mavikara;;;;;;;;;;;;;x
PROV981;Kayakent;;;;;;;;;;;;;x
PROV982;Mus;;;;;;;;;;;;;x
PROV983;Kashmir;;;;;;;;;;;;;x
PROV984;Bhatanir;;;;;;;;;;;;;x
PROV985;Odhisar;;;;;;;;;;;;;x
PROV986;Istmal;;;;;;;;;;;;;x
PROV987;Balakan;;;;;;;;;;;;;x
PROV988;Handumur;;;;;;;;;;;;;x
PROV989;Lividur;;;;;;;;;;;;;x
PROV990;Jylkurfyk;;;;;;;;;;;;;x
PROV991;Broadwall;;;;;;;;;;;;;x
PROV992;Bukkul;;;;;;;;;;;;;x
PROV993;Jotunn;;;;;;;;;;;;;x
PROV994;Riryu;;;;;;;;;;;;;x
PROV995;Siman;;;;;;;;;;;;;x
PROV996;Karabak;;;;;;;;;;;;;x
PROV997;Skalanorn;;;;;;;;;;;;;x
PROV998;Shuyurru;;;;;;;;;;;;;x
PROV999;Lankaran;;;;;;;;;;;;;x
PROV1000;Haugrheim;;;;;;;;;;;;;x
PROV1001;Edirica;;;;;;;;;;;;;x
PROV1002;Jokull;;;;;;;;;;;;;x
PROV1003;Valdyr;;;;;;;;;;;;;x
PROV1004;Barda;;;;;;;;;;;;;x
PROV1005;Chon Ang;;;;;;;;;;;;;x
PROV1006;Segaji;;;;;;;;;;;;;x
PROV1007;Varadrod;;;;;;;;;;;;;x
PROV1008;Bao Ung;;;;;;;;;;;;;x
PROV1009;Xianyi;;;;;;;;;;;;;x
PROV1010;Moraheim;;;;;;;;;;;;;x
PROV1011;Tulla;;;;;;;;;;;;;x
PROV1012;Ysvollr;;;;;;;;;;;;;x
PROV1013;Frozen Tundra;;;;;;;;;;;;;x
PROV1014;Frozen Tundra;;;;;;;;;;;;;x
PROV1015;Frozen Tundra;;;;;;;;;;;;;x
PROV1016;Skalrheim;;;;;;;;;;;;;x
PROV1017;Fjallunn;;;;;;;;;;;;;x
PROV1018;Skynorn;;;;;;;;;;;;;x
PROV1019;Skalagr;;;;;;;;;;;;;x
PROV1020;Skyskr;;;;;;;;;;;;;x
PROV1021;Isalur;;;;;;;;;;;;;x
PROV1022;Ysgard;;;;;;;;;;;;;x
PROV1023;Brotingard;;;;;;;;;;;;;x
PROV1024;Hua Dung;;;;;;;;;;;;;x
PROV1025;Mae Thong;;;;;;;;;;;;;x
PROV1026;Buarachan;;;;;;;;;;;;;x
PROV1027;Udon Bueng;;;;;;;;;;;;;x
PROV1028;Amnkret;;;;;;;;;;;;;x
PROV1029;Om Nat;;;;;;;;;;;;;x
PROV1030;Bjoulsae River;;;;;;;;;;;;;x
PROV1031;Bjoulsae River;;;;;;;;;;;;;x
PROV1032;Brena River;;;;;;;;;;;;;x
PROV1033;Brena River;;;;;;;;;;;;;x
PROV1034;Brena River;;;;;;;;;;;;;x
PROV1035;Brena River;;;;;;;;;;;;;x
PROV1036;Strid River;;;;;;;;;;;;;x
PROV1037;Strid River;;;;;;;;;;;;;x
PROV1038;Strid River;;;;;;;;;;;;;x
PROV1039;Lake Naga;;;;;;;;;;;;;x
PROV1040;Lake Archein;;;;;;;;;;;;;x
PROV1041;Golishar River;;;;;;;;;;;;;x
PROV1042;Lake Veloth;;;;;;;;;;;;;x
PROV1043;Thir River;;;;;;;;;;;;;x
PROV1044;Thir River;;;;;;;;;;;;;x
PROV1045;Topara River;;;;;;;;;;;;;x
PROV1046;Topara River;;;;;;;;;;;;;x
PROV1047;Topara River;;;;;;;;;;;;;x
PROV1048;Roscrean Coast;;;;;;;;;;;;;x
PROV1049;Sea of Ghosts;;;;;;;;;;;;;x
PROV1050;Cerulean Abyss;;;;;;;;;;;;;x
PROV1051;Padomaic Ocean;;;;;;;;;;;;;x
PROV1052;Serpentine Sea;;;;;;;;;;;;;x
PROV1053;Dread Coast;;;;;;;;;;;;;x
PROV1054;Belport Sea;;;;;;;;;;;;;x
PROV1055;Sea of Quey;;;;;;;;;;;;;x
PROV1056;Lake Sarpa;;;;;;;;;;;;;x
PROV1057;Hew's Bay;;;;;;;;;;;;;x
PROV1058;Coast of Hegathe;;;;;;;;;;;;;x
PROV1059;Coast of Diss;;;;;;;;;;;;;x
PROV1060;Silver Channel;;;;;;;;;;;;;x
PROV1061;Elden Coast;;;;;;;;;;;;;x
PROV1062;Coast of Banta;;;;;;;;;;;;;x
PROV1063;Arcantian Coast;;;;;;;;;;;;;x
PROV1064;Coast of Quin Rawl;;;;;;;;;;;;;x
PROV1065;Sea of Souls;;;;;;;;;;;;;x
PROV1066;Gold Coast;;;;;;;;;;;;;x
PROV1067;Shimmering Channel;;;;;;;;;;;;;x
PROV1068;The Strait;;;;;;;;;;;;;x
PROV1069;Coast of Daggerfall;;;;;;;;;;;;;x
PROV1070;Mer Sea;;;;;;;;;;;;;x
PROV1071;Topal Sea;;;;;;;;;;;;;x
PROV1072;Lake Rumare;;;;;;;;;;;;;x
PROV1073;Coast of Skywatch;;;;;;;;;;;;;x
PROV1074;Hunding Bay;;;;;;;;;;;;;x
PROV1075;Haven Sea;;;;;;;;;;;;;x
PROV1076;Pyrrahnic Bay;;;;;;;;;;;;;x
PROV1077;Landrillian Sea;;;;;;;;;;;;;x
PROV1078;Coast of Sunhold;;;;;;;;;;;;;x
PROV1079;Pontian Coast;;;;;;;;;;;;;x
PROV1080;Coast of Daenia;;;;;;;;;;;;;x
PROV1081;The Chain;;;;;;;;;;;;;x
PROV1082;Coast of Lilmoth;;;;;;;;;;;;;x
PROV1083;Abecean Sea;;;;;;;;;;;;;x
PROV1084;The Divide;;;;;;;;;;;;;x
PROV1085;Sea of Storms;;;;;;;;;;;;;x
PROV1086;Coast of Camlorn;;;;;;;;;;;;;x
PROV1087;Coast of Thorn;;;;;;;;;;;;;x
PROV1088;Coast of Esroniet;;;;;;;;;;;;;x
PROV1089;Lolthanic Coast;;;;;;;;;;;;;x
PROV1090;Coast of Firewatch;;;;;;;;;;;;;x
PROV1091;Coast of Winterhold;;;;;;;;;;;;;x
PROV1092;Coast of Haafingar;;;;;;;;;;;;;x
PROV1093;Coast of Alinor;;;;;;;;;;;;;x
PROV1094;Western Middle Sea;;;;;;;;;;;;;x
PROV1095;Coast of Almalexia;;;;;;;;;;;;;x
PROV1096;Inner Sea;;;;;;;;;;;;;x
PROV1097;Coast of Blacklight;;;;;;;;;;;;;x
PROV1098;Bay of Northpoint;;;;;;;;;;;;;x
PROV1099;Thrassian Reef;;;;;;;;;;;;;x
PROV1100;Padomaic Ocean;;;;;;;;;;;;;x
PROV1101;Far Sea;;;;;;;;;;;;;x
PROV1102;Bitter Coast;;;;;;;;;;;;;x
PROV1103;Bay of Hjaalmarch;;;;;;;;;;;;;x
PROV1104;Telvannic Sea;;;;;;;;;;;;;x
PROV1105;Northern Islander Ocean;;;;;;;;;;;;;x
PROV1106;Old Sea;;;;;;;;;;;;;x
PROV1107;Azura's Coast;;;;;;;;;;;;;x
PROV1108;Ersy Bay;;;;;;;;;;;;;x
PROV1109;Summerset Bay;;;;;;;;;;;;;x
PROV1110;King's Coast;;;;;;;;;;;;;x
PROV1111;Niben River;;;;;;;;;;;;;x
PROV1112;Lake Fjalding;;;;;;;;;;;;;x
PROV1113;Lake Masobi;;;;;;;;;;;;;x
PROV1114;Lake Vorys;;;;;;;;;;;;;x
PROV1115;Lake Amaya;;;;;;;;;;;;;x
PROV1116;Ang Hon;;;;;;;;;;;;;x
PROV1117;Lake Coronati;;;;;;;;;;;;;x
PROV1118;Lake Arrius;;;;;;;;;;;;;x
PROV1119;Lake Poppad;;;;;;;;;;;;;x
PROV1120;Lake Honrich;;;;;;;;;;;;;x
PROV1121;Lake Geir;;;;;;;;;;;;;x
PROV1122;Lake Yorgrim;;;;;;;;;;;;;x
PROV1123;Lake Illinalta;;;;;;;;;;;;;x
PROV1124;Lake Alessia;;;;;;;;;;;;;x
PROV1125;Blessed Water;;;;;;;;;;;;;x
PROV1126;Lake Belharza;;;;;;;;;;;;;x
PROV1127;Lake Hlaalu;;;;;;;;;;;;;x
PROV1128;Lake Canulus;;;;;;;;;;;;;x
PROV1129;Tharong;;;;;;;;;;;;;x
PROV1130;Lake Murken;;;;;;;;;;;;;x
PROV1131;Lake Blackscale;;;;;;;;;;;;;x
PROV1132;Lake Sithis;;;;;;;;;;;;;x
PROV1133;Lake Toad;;;;;;;;;;;;;x
PROV1134;Lake Amaharu;;;;;;;;;;;;;x
PROV1135;Lake Argos;;;;;;;;;;;;;x
PROV1136;Lake Paatru;;;;;;;;;;;;;x
PROV1137;Lake Saxhleel;;;;;;;;;;;;;x
PROV1138;Lake Agaceph;;;;;;;;;;;;;x
PROV1139;Niben Bay;;;;;;;;;;;;;x
PROV1140;Iliac Bay;;;;;;;;;;;;;x
PROV1141;Azra Crater;;;;;;;;;;;;;x
PROV1142;Alik'r Oasis;;;;;;;;;;;;;x
PROV1143;Halcyon Lake;;;;;;;;;;;;;x
PROV1144;Viridian Lake;;;;;;;;;;;;;x
PROV1145;Lake Anu;;;;;;;;;;;;;x
PROV1146;Lake Pado;;;;;;;;;;;;;x
PROV1147;Southern Eltheric Ocean;;;;;;;;;;;;;x
PROV1148;Azurian Sea;;;;;;;;;;;;;x
PROV1149;Sea of Pearls;;;;;;;;;;;;;x
PROV1150;Ravannic Sea;;;;;;;;;;;;;x
PROV1151;The Sundered Sea;;;;;;;;;;;;;x
PROV1152;Sea of Deceit;;;;;;;;;;;;;x
PROV1153;Northern Eltheric Ocean;;;;;;;;;;;;;x
PROV1154;Western Sea of Ghosts;;;;;;;;;;;;;x
PROV1155;Eastern Sea of Ghosts;;;;;;;;;;;;;x
PROV1156;Skalr Coast;;;;;;;;;;;;;x
PROV1157;Frost Coast;;;;;;;;;;;;;x
PROV1158;Western Padomaic Ocean;;;;;;;;;;;;;x
PROV1159;Southern Padomaic Ocean;;;;;;;;;;;;;x
PROV1160;Coast of Ysgard;;;;;;;;;;;;;x
PROV1161;Bay of Isalur;;;;;;;;;;;;;x
PROV1162;Forbidden Coast;;;;;;;;;;;;;x
PROV1163;Sunken Sea;;;;;;;;;;;;;x
PROV1164;Far Sea;;;;;;;;;;;;;x
PROV1165;Gerzalun Sea;;;;;;;;;;;;;x
PROV1166;Jestu Sea;;;;;;;;;;;;;x
PROV1167;Usseri Coast;;;;;;;;;;;;;x
PROV1168;Byron Coast;;;;;;;;;;;;;x
PROV1169;Eddipo Coast;;;;;;;;;;;;;x
PROV1170;Padomaic Ocean;;;;;;;;;;;;;x
PROV1171;Coast of Yneslea;;;;;;;;;;;;;x
PROV1172;Great Akaviri Sea;;;;;;;;;;;;;x
PROV1173;Western Rim;;;;;;;;;;;;;x
PROV1174;Eastern Rim;;;;;;;;;;;;;x
PROV1175;Coast of Cathnoquey;;;;;;;;;;;;;x
PROV1176;Padomaic Ocean;;;;;;;;;;;;;x
PROV1177;Ever-Frozen Sea;;;;;;;;;;;;;x
PROV1178;Simian Gulf;;;;;;;;;;;;;x
PROV1179;Padomaic Ocean;;;;;;;;;;;;;x
PROV1180;Emerald Coast;;;;;;;;;;;;;x
PROV1181;Eastern Middle Sea;;;;;;;;;;;;;x
PROV1182;Bay of Kamal;;;;;;;;;;;;;x
PROV1183;Raggun Sea;;;;;;;;;;;;;x
PROV1184;Great Padomaic Ocean;;;;;;;;;;;;;x
PROV1185;Simian Sea;;;;;;;;;;;;;x
PROV1186;Dead White Sea;;;;;;;;;;;;;x
PROV1187;Dread Sea;;;;;;;;;;;;;x
PROV1188;Northern Sea of Ghosts;;;;;;;;;;;;;x
PROV1189;Northern Sea of Ghosts;;;;;;;;;;;;;x
PROV1190;Eastern Ever-Frozen Sea;;;;;;;;;;;;;x
PROV1191;Akaviri Passage;;;;;;;;;;;;;x
PROV1192;Northern Sea of Ghosts;;;;;;;;;;;;;x
PROV1193;Eastern Elven Sea;;;;;;;;;;;;;x
PROV1194;Chondahan;;;;;;;;;;;;;x
PROV1195;Khonong;;;;;;;;;;;;;x
PROV1196;Blackrock;;;;;;;;;;;;;x
PROV1197;Lipsand;;;;;;;;;;;;;x
PROV1198;Wendir;;;;;;;;;;;;;x
PROV1199;Lindai;;;;;;;;;;;;;x
PROV1200;Sednar;;;;;;;;;;;;;x
PROV1201;Elran;;;;;;;;;;;;;x
PROV1202;Greyleaf;;;;;;;;;;;;;x
PROV1203;Riverkeep;;;;;;;;;;;;;x
PROV1204;Hearthshield;;;;;;;;;;;;;x
PROV1205;Volkihar;;;;;;;;;;;;;x
PROV1206;Sagoon;;;;;;;;;;;;;x
PROV1207;Bang Phai;;;;;;;;;;;;;x
PROV1208;Ang Besar;;;;;;;;;;;;;x
PROV1209;Surinang;;;;;;;;;;;;;x
PROV1210;Pa Kong;;;;;;;;;;;;;x
PROV1211;Phuchang;;;;;;;;;;;;;x
PROV1212;Kalathani;;;;;;;;;;;;;x
PROV1213;Bang Om;;;;;;;;;;;;;x
PROV1214;Kanthum;;;;;;;;;;;;;x
PROV1215;Amnarasak;;;;;;;;;;;;;x
PROV1216;Wan Gong;;;;;;;;;;;;;x
PROV1217;Lam Kaen;;;;;;;;;;;;;x
PROV1218;Ang Suan;;;;;;;;;;;;;x
PROV1219;Anakar;;;;;;;;;;;;;x
PROV1220;Lake Kazidar;;;;;;;;;;;;;x
PROV1221;Lake Melturvan;;;;;;;;;;;;;x
PROV1222;Lake Shindul;;;;;;;;;;;;;x
PROV1223;Lake Silvan;;;;;;;;;;;;;x
PROV1224;Lake Jadorlig;;;;;;;;;;;;;x
PROV1225;Bang Suan;;;;;;;;;;;;;x
PROV1226;Narasak;;;;;;;;;;;;;x
PROV1227;Lake Thalooda;;;;;;;;;;;;;x
PROV1228;Lake Huasima;;;;;;;;;;;;;x
PROV1229;Lake Ampong;;;;;;;;;;;;;x
PROV1230;Lake Khonmon;;;;;;;;;;;;;x
PROV1231;Lake Gsmisal;;;;;;;;;;;;;x
PROV1232;Lake To Hua Lan;;;;;;;;;;;;;x
PROV1233;Lake Washao;;;;;;;;;;;;;x
PROV1234;Lake Yishao;;;;;;;;;;;;;x
PROV1235;Lake Hongpo;;;;;;;;;;;;;x
PROV1236;Lake Mitsuma;;;;;;;;;;;;;x
PROV1237;Lake Singmo;;;;;;;;;;;;;x
PROV1238;Lake Om Kong;;;;;;;;;;;;;x
PROV1239;Kan So River;;;;;;;;;;;;;x
PROV1240;Kan So River;;;;;;;;;;;;;x
PROV1241;Volwesi Lagoon;;;;;;;;;;;;;x
PROV1242;Pameirra River;;;;;;;;;;;;;x
PROV1243;Meratsies River;;;;;;;;;;;;;x
PROV1244;Meratsies River;;;;;;;;;;;;;x
PROV1245;Meratsies River;;;;;;;;;;;;;x
PROV1246;Meratsies River;;;;;;;;;;;;;x
PROV1247;Lake Voramak;;;;;;;;;;;;;x
PROV1248;Kangala;;;;;;;;;;;;;x
PROV1249;Kansi;;;;;;;;;;;;;x
PROV1250;Ho Yi;;;;;;;;;;;;;x
PROV1251;Huabei;;;;;;;;;;;;;x
PROV1252;Shilung;;;;;;;;;;;;;x
PROV1253;Xi Fa;;;;;;;;;;;;;x
PROV1254;Manggara;;;;;;;;;;;;;x
PROV1255;Yibao;;;;;;;;;;;;;x
PROV1256;Mayat;;;;;;;;;;;;;x
PROV1257;Moni;;;;;;;;;;;;;x
PROV1258;Degali;;;;;;;;;;;;;x
PROV1259;Rahira;;;;;;;;;;;;;x
PROV1260;Singalam;;;;;;;;;;;;;x
PROV1261;Ang Ko;;;;;;;;;;;;;x
PROV1262;Hua Zi;;;;;;;;;;;;;x
PROV1263;Zhizi;;;;;;;;;;;;;x
PROV1264;Pu Bao;;;;;;;;;;;;;x
PROV1265;Indradung;;;;;;;;;;;;;x
PROV1266;Zedaya;;;;;;;;;;;;;x
PROV1267;Taiga;;;;;;;;;;;;;x
PROV1268;Miao Chung;;;;;;;;;;;;;x
PROV1269;Xianhua;;;;;;;;;;;;;x
PROV1270;Baobao;;;;;;;;;;;;;x
PROV1271;Pu Ma;;;;;;;;;;;;;x
PROV1272;Bukpang;;;;;;;;;;;;;x
PROV1273;Voljung;;;;;;;;;;;;;x
PROV1274;Kaliggau;;;;;;;;;;;;;x
PROV1275;Tasikwa;;;;;;;;;;;;;x
PROV1276;Vandor;;;;;;;;;;;;;x
PROV1277;Kore;;;;;;;;;;;;;x
PROV1278;Clothos;;;;;;;;;;;;;x
PROV1279;Thalo;;;;;;;;;;;;;x
PROV1280;Gorne;;;;;;;;;;;;;x
PROV1281;Bleakrock;;;;;;;;;;;;;x
PROV1282;Khenarthi's Roost;;;;;;;;;;;;;x
PROV1283;Olenveld;;;;;;;;;;;;;x
PROV1284;Asil Yelir;;;;;;;;;;;;;x
PROV1285;Arranbu;;;;;;;;;;;;;x
PROV1286;Klithi;;;;;;;;;;;;;x
PROV1287;Kardesh;;;;;;;;;;;;;x
PROV1288;Zamunda;;;;;;;;;;;;;x
PROV1289;Nakan;;;;;;;;;;;;;x
PROV1290;Bahia;;;;;;;;;;;;;x
PROV1291;Shayfan;;;;;;;;;;;;;x
PROV1292;Ceffa;;;;;;;;;;;;;x
PROV1293;Moonpoint River;;;;;;;;;;;;;x
PROV1294;Shieldkeep River;;;;;;;;;;;;;x
PROV1295;Grovekeep River;;;;;;;;;;;;;x
PROV1296;Rockshade River;;;;;;;;;;;;;x
PROV1297;Naga River;;;;;;;;;;;;;x
PROV1298;Naga River;;;;;;;;;;;;;x
PROV1299;Springrove River;;;;;;;;;;;;;x
PROV1300;Wyai;;;;;;;;;;;;;x
PROV1301;Vindovona;;;;;;;;;;;;;x
PROV1302;Dartus;;;;;;;;;;;;;x
PROV1303;Meggedo;;;;;;;;;;;;;x
PROV1304;Rasputia;;;;;;;;;;;;;x
PROV1305;Nacturwal;;;;;;;;;;;;;x
PROV1306;Sachervois;;;;;;;;;;;;;x
PROV1307;Jabiem;;;;;;;;;;;;;x
PROV1308;Bermanchu;;;;;;;;;;;;;x
PROV1309;Teigmins;;;;;;;;;;;;;x
PROV1310;Saendur;;;;;;;;;;;;;x
PROV1311;Ceblint;;;;;;;;;;;;;x
PROV1312;Hofsebland;;;;;;;;;;;;;x
PROV1313;Derwatux;;;;;;;;;;;;;x
PROV1314;Guav;;;;;;;;;;;;;x
PROV1315;Zerhov;;;;;;;;;;;;;x
PROV1316;Aglon;;;;;;;;;;;;;x
PROV1317;Leukaster;;;;;;;;;;;;;x
PROV1318;Ruagr;;;;;;;;;;;;;x
PROV1319;Bremozan;;;;;;;;;;;;;x
PROV1320;Frunini;;;;;;;;;;;;;x
PROV1321;Echwatom;;;;;;;;;;;;;x
PROV1322;Absareg;;;;;;;;;;;;;x
PROV1323;Kerchu;;;;;;;;;;;;;x
PROV1324;Uttarsodes;;;;;;;;;;;;;x
PROV1325;Momo;;;;;;;;;;;;;x
PROV1326;Jurad;;;;;;;;;;;;;x
PROV1327;Oziriv;;;;;;;;;;;;;x
PROV1328;Thomir;;;;;;;;;;;;;x
PROV1329;Huipa;;;;;;;;;;;;;x
PROV1330;Tonberg;;;;;;;;;;;;;x
PROV1331;Peuta;;;;;;;;;;;;;x
PROV1332;Xedova;;;;;;;;;;;;;x
PROV1333;Atmoran;;;;;;;;;;;;;x
PROV1334;Sibuantes;;;;;;;;;;;;;x
PROV1335;Decca;;;;;;;;;;;;;x
PROV1336;Qurom;;;;;;;;;;;;;x
PROV1337;Liwhed;;;;;;;;;;;;;x
PROV1338;Kanuj;;;;;;;;;;;;;x
PROV1339;Robsana;;;;;;;;;;;;;x
PROV1340;Gheintoras;;;;;;;;;;;;;x
PROV1341;Hunnori;;;;;;;;;;;;;x
PROV1342;Fugezun;;;;;;;;;;;;;x
PROV1343;Xaddes;;;;;;;;;;;;;x
PROV1344;Loduga;;;;;;;;;;;;;x
PROV1345;Sarranof;;;;;;;;;;;;;x
PROV1346;Luki;;;;;;;;;;;;;x
PROV1347;Edgon;;;;;;;;;;;;;x
PROV1348;Siuppa;;;;;;;;;;;;;x
PROV1349;Ijuben;;;;;;;;;;;;;x
PROV1350;Cintra;;;;;;;;;;;;;x
PROV1351;Tacahan;;;;;;;;;;;;;x
PROV1352;Zelbepal Sea;;;;;;;;;;;;;x
PROV1353;Ottol Sea;;;;;;;;;;;;;x
PROV1354;Ottol Sea;;;;;;;;;;;;;x
PROV1355;Immong Gulf;;;;;;;;;;;;;x
PROV1356;Immong Gulf;;;;;;;;;;;;;x
PROV1357;Gang Bay;;;;;;;;;;;;;x
PROV1358;East-Gang Coast;;;;;;;;;;;;;x
PROV1359;West-Gang Coast;;;;;;;;;;;;;x
PROV1360;Loryam Sea;;;;;;;;;;;;;x
PROV1361;Sneak Bay;;;;;;;;;;;;;x
PROV1362;Domiam Gulf;;;;;;;;;;;;;x
PROV1363;Haugr Sound;;;;;;;;;;;;;x
PROV1364;Kuisk;;;;;;;;;;;;;x
PROV1365;Ante Castel;;;;;;;;;;;;;x
PROV1366;Rubisol;;;;;;;;;;;;;x
PROV1367;Irroza;;;;;;;;;;;;;x
PROV1368;Colube;;;;;;;;;;;;;x
PROV1369;Aftir;;;;;;;;;;;;;x
PROV1370;Fudden;;;;;;;;;;;;;x
PROV1371;Jisna;;;;;;;;;;;;;x
PROV1372;Leqube;;;;;;;;;;;;;x
PROV1373;Ibvoc;;;;;;;;;;;;;x
PROV1374;Cungebes;;;;;;;;;;;;;x
PROV1375;Rupdala;;;;;;;;;;;;;x
PROV1376;Eskotan;;;;;;;;;;;;;x
PROV1377;Suray;;;;;;;;;;;;;x
PROV1378;Demdinu;;;;;;;;;;;;;x
PROV1379;Ponvula;;;;;;;;;;;;;x
PROV1380;Kayor;;;;;;;;;;;;;x
PROV1381;Luvien;;;;;;;;;;;;;x
PROV1382;Kimmodar;;;;;;;;;;;;;x
PROV1383;Nanruse;;;;;;;;;;;;;x
PROV1384;Hobzal;;;;;;;;;;;;;x
PROV1385;Saruxo;;;;;;;;;;;;;x
PROV1386;Onimat;;;;;;;;;;;;;x
PROV1387;Belorca;;;;;;;;;;;;;x
PROV1388;Axeland;;;;;;;;;;;;;x
PROV1389;Gersaj;;;;;;;;;;;;;x
PROV1390;Atvuse;;;;;;;;;;;;;x
PROV1391;Uyopa;;;;;;;;;;;;;x
PROV1392;Ufan;;;;;;;;;;;;;x
PROV1393;Boladir;;;;;;;;;;;;;x
PROV1394;Asaria;;;;;;;;;;;;;x
PROV1395;Tael;;;;;;;;;;;;;x
PROV1396;Ralart;;;;;;;;;;;;;x
PROV1397;Kisonne;;;;;;;;;;;;;x
PROV1398;Kahler;;;;;;;;;;;;;x
PROV1399;Salemir;;;;;;;;;;;;;x
PROV1400;Mustaggor;;;;;;;;;;;;;x
PROV1401;Landmars;;;;;;;;;;;;;x
PROV1402;Raliel;;;;;;;;;;;;;x
PROV1403;Runaria;;;;;;;;;;;;;x
PROV1404;Wemot;;;;;;;;;;;;;x
PROV1405;Sonemir;;;;;;;;;;;;;x
PROV1406;Aloremir;;;;;;;;;;;;;x
PROV1407;Qunabhan;;;;;;;;;;;;;x
PROV1408;Esabhan;;;;;;;;;;;;;x
PROV1409;Sisart;;;;;;;;;;;;;x
PROV1410;Udnarc;;;;;;;;;;;;;x
PROV1411;Temomon;;;;;;;;;;;;;x
PROV1412;Baud;;;;;;;;;;;;;x
PROV1413;Alinaud;;;;;;;;;;;;;x
PROV1414;Remada;;;;;;;;;;;;;x
PROV1415;Boronde;;;;;;;;;;;;;x
PROV1416;Abalonne;;;;;;;;;;;;;x
PROV1417;Nisanis;;;;;;;;;;;;;x
PROV1418;Karia;;;;;;;;;;;;;x
PROV1419;Esot;;;;;;;;;;;;;x
PROV1420;Kunonde;;;;;;;;;;;;;x
PROV1421;Sisiel;;;;;;;;;;;;;x
PROV1422;Rihaod;;;;;;;;;;;;;x
PROV1423;Bisart;;;;;;;;;;;;;x
PROV1424;Yepoz;;;;;;;;;;;;;x
PROV1425;Rananis;;;;;;;;;;;;;x
PROV1426;Adatugel;;;;;;;;;;;;;x
PROV1427;Ezbidon;;;;;;;;;;;;;x
PROV1428;Tayahan;;;;;;;;;;;;;x
PROV1429;Vupra;;;;;;;;;;;;;x
PROV1430;Eroneran;;;;;;;;;;;;;x
PROV1431;Remasin;;;;;;;;;;;;;x
PROV1432;Kanory;;;;;;;;;;;;;x
PROV1433;Evareran;;;;;;;;;;;;;x
PROV1434;Diel;;;;;;;;;;;;;x
PROV1435;Datudur;;;;;;;;;;;;;x
PROV1436;Egalaria;;;;;;;;;;;;;x
PROV1437;Baxita;;;;;;;;;;;;;x
PROV1438;Wirika;;;;;;;;;;;;;x
PROV1439;Razna;;;;;;;;;;;;;x
PROV1440;Quarm;;;;;;;;;;;;;x
PROV1441;Kulory;;;;;;;;;;;;;x
PROV1442;Nenard;;;;;;;;;;;;;x
PROV1443;Nudur;;;;;;;;;;;;;x
PROV1444;Lijita;;;;;;;;;;;;;x
PROV1445;Ezbana;;;;;;;;;;;;;x
PROV1446;Bozudur;;;;;;;;;;;;;x
PROV1447;Ozcalar;;;;;;;;;;;;;x
PROV1448;Daxakti;;;;;;;;;;;;;x
PROV1449;Nodael;;;;;;;;;;;;;x
PROV1450;Suasgi;;;;;;;;;;;;;x
PROV1451;Apapidon;;;;;;;;;;;;;x
PROV1452;Kagoja;;;;;;;;;;;;;x
PROV1453;Ragaret;;;;;;;;;;;;;x
PROV1454;Abodarim;;;;;;;;;;;;;x
PROV1455;Bavana;;;;;;;;;;;;;x
PROV1456;Lirew;;;;;;;;;;;;;x
PROV1457;Qileuta;;;;;;;;;;;;;x
PROV1458;Wevalla;;;;;;;;;;;;;x
PROV1459;Kegeid;;;;;;;;;;;;;x
PROV1460;Sali;;;;;;;;;;;;;x
PROV1461;Qilidon;;;;;;;;;;;;;x
PROV1462;Negoti;;;;;;;;;;;;;x
PROV1463;Tapita;;;;;;;;;;;;;x
PROV1464;Lazcadon;;;;;;;;;;;;;x
PROV1465;Avitri;;;;;;;;;;;;;x
PROV1466;Qevalla;;;;;;;;;;;;;x
PROV1467;Ciseid;;;;;;;;;;;;;x
PROV1468;Kazaton;;;;;;;;;;;;;x
PROV1469;Koptar;;;;;;;;;;;;;x
PROV1470;Timoti;;;;;;;;;;;;;x
PROV1471;Wuryamal;;;;;;;;;;;;;x
PROV1472;Lavaton;;;;;;;;;;;;;x
PROV1473;Kanoti;;;;;;;;;;;;;x
PROV1474;Bahitri;;;;;;;;;;;;;x
PROV1475;Emevush;;;;;;;;;;;;;x
PROV1476;Kageuta;;;;;;;;;;;;;x
PROV1477;Sodeuta;;;;;;;;;;;;;x
PROV1478;Lahank;;;;;;;;;;;;;x
PROV1479;Qavar;;;;;;;;;;;;;x
PROV1480;Ascedros;;;;;;;;;;;;;x
PROV1481;Mopellez;;;;;;;;;;;;;x
PROV1482;Arivirek;;;;;;;;;;;;;x
PROV1483;Ravaret;;;;;;;;;;;;;x
PROV1484;Usvice;;;;;;;;;;;;;x
PROV1485;Badari;;;;;;;;;;;;;x
PROV1486;Rodoti;;;;;;;;;;;;;x
PROV1487;Daveid;;;;;;;;;;;;;x
PROV1488;Nivush;;;;;;;;;;;;;x
PROV1489;Sirgon;;;;;;;;;;;;;x
PROV1490;Adunery;;;;;;;;;;;;;x
PROV1491;Helbida;;;;;;;;;;;;;x
PROV1492;Dapeid;;;;;;;;;;;;;x
PROV1493;Wuisush;;;;;;;;;;;;;x
PROV1494;Nagarim;;;;;;;;;;;;;x
PROV1495;Turena;;;;;;;;;;;;;x
PROV1496;Duatti;;;;;;;;;;;;;x
PROV1497;Waxidon;;;;;;;;;;;;;x
PROV1498;Keta;;;;;;;;;;;;;x
PROV1499;Laharet;;;;;;;;;;;;;x
PROV1500;Kimush;;;;;;;;;;;;;x
PROV1501;Fregacy;;;;;;;;;;;;;x
PROV1502;Bazakti;;;;;;;;;;;;;x
PROV1503;Esceta;;;;;;;;;;;;;x
PROV1504;Woja;;;;;;;;;;;;;x
PROV1505;Qahitri;;;;;;;;;;;;;x
PROV1506;Kodeta;;;;;;;;;;;;;x
PROV1507;Zaveid;;;;;;;;;;;;;x
PROV1508;Lagita;;;;;;;;;;;;;x
PROV1509;Cirzen;;;;;;;;;;;;;x
PROV1510;Kodakti;;;;;;;;;;;;;x
PROV1511;Hebrat;;;;;;;;;;;;;x
PROV1512;Disama;;;;;;;;;;;;;x
PROV1513;Ratoti;;;;;;;;;;;;;x
PROV1514;Aboden;;;;;;;;;;;;;x
PROV1515;Rostov;;;;;;;;;;;;;x
PROV1516;Juatri;;;;;;;;;;;;;x
PROV1517;Tevama;;;;;;;;;;;;;x
PROV1518;Mafgos;;;;;;;;;;;;;x
PROV1519;Bavyamal;;;;;;;;;;;;;x
PROV1520;Tavaret;;;;;;;;;;;;;x
PROV1521;Ebzin;;;;;;;;;;;;;x
PROV1522;Nevalla;;;;;;;;;;;;;x
PROV1523;Kanush;;;;;;;;;;;;;x
PROV1524;Kogeborg;;;;;;;;;;;;;x
PROV1525;Tavoti;;;;;;;;;;;;;x
PROV1526;Kivaton;;;;;;;;;;;;;x
PROV1527;Qanama;;;;;;;;;;;;;x
PROV1528;Zuisush;;;;;;;;;;;;;x
PROV1529;Qazoti;;;;;;;;;;;;;x
PROV1530;Udirek;;;;;;;;;;;;;x
PROV1531;Nahena;;;;;;;;;;;;;x
PROV1532;Obanis;;;;;;;;;;;;;x
PROV1533;Jartalos;;;;;;;;;;;;;x
PROV1534;Gemonde;;;;;;;;;;;;;x
PROV1535;Bromile;;;;;;;;;;;;;x
PROV1536;Keini;;;;;;;;;;;;;x
PROV1537;Semaud;;;;;;;;;;;;;x
PROV1538;Bemeran;;;;;;;;;;;;;x
PROV1539;Kolonne;;;;;;;;;;;;;x
PROV1540;Kidon;;;;;;;;;;;;;x
PROV1541;Bamish;;;;;;;;;;;;;x
PROV1542;Hazdul;;;;;;;;;;;;;x
PROV1543;Fokar;;;;;;;;;;;;;x
PROV1544;Japis;;;;;;;;;;;;;x
PROV1545;Amaharet;;;;;;;;;;;;;x
PROV1546;Akosidon;;;;;;;;;;;;;x
PROV1547;Bosoja;;;;;;;;;;;;;x
PROV1548;Ruart;;;;;;;;;;;;;x
PROV1549;Abroi;;;;;;;;;;;;;x
PROV1550;Lagovmas;;;;;;;;;;;;;x
PROV1551;Tuatri;;;;;;;;;;;;;x
PROV1552;Dorman;;;;;;;;;;;;;x
PROV1553;Mumenid;;;;;;;;;;;;;x
PROV1554;Suadn;;;;;;;;;;;;;x
PROV1555;Ravali;;;;;;;;;;;;;x
PROV1556;Giedon;;;;;;;;;;;;;x
PROV1557;Amazidon;;;;;;;;;;;;;x
PROV1558;Ascoja;;;;;;;;;;;;;x
PROV1559;Hanaret;;;;;;;;;;;;;x
PROV1560;Ryavana;;;;;;;;;;;;;x
PROV1561;Savush;;;;;;;;;;;;;x
PROV1562;Kagarim;;;;;;;;;;;;;x
PROV1563;Wattubes;;;;;;;;;;;;;x
PROV1564;Tyaotana;;;;;;;;;;;;;x
PROV1565;Razcakti;;;;;;;;;;;;;x
PROV1566;Sinapo;;;;;;;;;;;;;x
PROV1567;Nuisar;;;;;;;;;;;;;x
PROV1568;Pantu;;;;;;;;;;;;;x
PROV1569;Osdubar;;;;;;;;;;;;;x
PROV1570;Kacelat;;;;;;;;;;;;;x
PROV1571;Eram;;;;;;;;;;;;;x
PROV1572;Tajama;;;;;;;;;;;;;x
PROV1573;Zobuna;;;;;;;;;;;;;x
PROV1574;Ceyrus;;;;;;;;;;;;;x
PROV1575;Buddefor;;;;;;;;;;;;;x
PROV1576;Fursy;;;;;;;;;;;;;x
PROV1577;Tesga;;;;;;;;;;;;;x
PROV1578;Kuisama;;;;;;;;;;;;;x
PROV1579;Fisari;;;;;;;;;;;;;x
PROV1580;Paggute;;;;;;;;;;;;;x
PROV1581;Qodaton;;;;;;;;;;;;;x
PROV1582;Xib;;;;;;;;;;;;;x
PROV1583;Rajud;;;;;;;;;;;;;x
PROV1584;Dovathin;;;;;;;;;;;;;x
PROV1585;Qimice;;;;;;;;;;;;;x
PROV1586;Murar;;;;;;;;;;;;;x
PROV1587;Nodena;;;;;;;;;;;;;x
PROV1588;Athinor;;;;;;;;;;;;;x
PROV1589;Syublen;;;;;;;;;;;;;x
PROV1590;Koovec;;;;;;;;;;;;;x
PROV1591;Vittesanis;;;;;;;;;;;;;x
PROV1592;Ehavita;;;;;;;;;;;;;x
PROV1593;Waetho;;;;;;;;;;;;;x
PROV1594;Kurgan;;;;;;;;;;;;;x
PROV1595;Oskian;;;;;;;;;;;;;x
PROV1596;Virory;;;;;;;;;;;;;x
PROV1597;Jitufuji;;;;;;;;;;;;;x
PROV1598;Breifne;;;;;;;;;;;;;x
PROV1599;Ulster;;;;;;;;;;;;;x
PROV1600;Ormond;;;;;;;;;;;;;x
PROV1601;Casdiel;;;;;;;;;;;;;x
PROV1602;Flamorgan;;;;;;;;;;;;;x
PROV1603;Dyfed;;;;;;;;;;;;;x
PROV1604;Surrey;;;;;;;;;;;;;x
PROV1605;Caithness;;;;;;;;;;;;;x
PROV1606;Jogray;;;;;;;;;;;;;x
PROV1607;Darrick;;;;;;;;;;;;;x
PROV1608;Lunbar;;;;;;;;;;;;;x
PROV1609;Torthumberland;;;;;;;;;;;;;x
PROV1610;Zincoln;;;;;;;;;;;;;x
PROV1611;Perby;;;;;;;;;;;;;x
PROV1612;Bowys;;;;;;;;;;;;;x
PROV1613;Arwick;;;;;;;;;;;;;x
PROV1614;Worfolk;;;;;;;;;;;;;x
PROV1615;Yrtois;;;;;;;;;;;;;x
PROV1616;Houlogne;;;;;;;;;;;;;x
PROV1617;Elrezurg;;;;;;;;;;;;;x
PROV1618;Gamiens;;;;;;;;;;;;;x
PROV1619;Kasnabruck;;;;;;;;;;;;;x
PROV1620;Nortain;;;;;;;;;;;;;x
PROV1621;Mornouaille;;;;;;;;;;;;;x
PROV1622;Shartres;;;;;;;;;;;;;x
PROV1623;Lake Vojostu;;;;;;;;;;;;;x
PROV1624;Vodnu;;;;;;;;;;;;;x
PROV1625;Camiens;;;;;;;;;;;;;x
PROV1626;Pedgal;;;;;;;;;;;;;x
PROV1627;Gontaj;;;;;;;;;;;;;x
PROV1628;Durjom;;;;;;;;;;;;;x
PROV1629;Lake Kofral;;;;;;;;;;;;;x
PROV1630;Rezdu;;;;;;;;;;;;;x
PROV1631;Semfis;;;;;;;;;;;;;x
PROV1632;Dinthago;;;;;;;;;;;;;x
PROV1633;Yarucena;;;;;;;;;;;;;x
PROV1634;Monzell;;;;;;;;;;;;;x
PROV1635;Tair;;;;;;;;;;;;;x
PROV1636;Lihevob;;;;;;;;;;;;;x
PROV1637;Dogan;;;;;;;;;;;;;x
PROV1638;Emahar;;;;;;;;;;;;;x
PROV1639;Civael;;;;;;;;;;;;;x
PROV1640;Roida;;;;;;;;;;;;;x
PROV1641;Ejucis;;;;;;;;;;;;;x
PROV1642;Gorsun;;;;;;;;;;;;;x
PROV1643;Kortitza;;;;;;;;;;;;;x
PROV1644;Stislav;;;;;;;;;;;;;x
PROV1645;Ruis;;;;;;;;;;;;;x
PROV1646;Nezdona;;;;;;;;;;;;;x
PROV1647;Jordva;;;;;;;;;;;;;x
PROV1648;Cashli;;;;;;;;;;;;;x
PROV1649;Onjikala;;;;;;;;;;;;;x
PROV1650;Koblat;;;;;;;;;;;;;
PROV1651;Bozron;;;;;;;;;;;;;
PROV1652;Timpala;;;;;;;;;;;;;
PROV1653;Eppu;;;;;;;;;;;;;
PROV1654;Cirsola;;;;;;;;;;;;;
PROV1655;Imursen;;;;;;;;;;;;;
PROV1656;Hroldeven;;;;;;;;;;;;;
PROV1657;Awtor;;;;;;;;;;;;;
PROV1658;Kaltun;;;;;;;;;;;;;
PROV1659;Gottegar;;;;;;;;;;;;;
PROV1660;Vuldat;;;;;;;;;;;;;
PROV1661;Mdanis;;;;;;;;;;;;;
PROV1662;Toeweddir;;;;;;;;;;;;;
PROV1663;Luir;;;;;;;;;;;;;
PROV1664;Pejv;;;;;;;;;;;;;
PROV1665;Zebberan;;;;;;;;;;;;;
PROV1666;Wenard;;;;;;;;;;;;;
PROV1667;Ekolold;;;;;;;;;;;;;
PROV1668;Edokima;;;;;;;;;;;;;
PROV1669;Konavid;;;;;;;;;;;;;
PROV1670;Wusiek;;;;;;;;;;;;;
PROV1671;Taiselg;;;;;;;;;;;;;
PROV1672;Ronise;;;;;;;;;;;;;
PROV1673;Waruala;;;;;;;;;;;;;
PROV1674;Sunoini;;;;;;;;;;;;;
PROV1675;Wudal;;;;;;;;;;;;;
PROV1676;Reenita;;;;;;;;;;;;;
PROV1677;Qeman;;;;;;;;;;;;;
PROV1678;Tibana;;;;;;;;;;;;;
PROV1679;Nosyose;;;;;;;;;;;;;
PROV1680;Rerian;;;;;;;;;;;;;
PROV1681;Qalasa;;;;;;;;;;;;;
PROV1682;Tamana;;;;;;;;;;;;;
PROV1683;Bandiur;;;;;;;;;;;;;
PROV1684;Karen;;;;;;;;;;;;;
PROV1685;Keuneem;;;;;;;;;;;;;
PROV1686;Ruyius;;;;;;;;;;;;;
PROV1687;Midzia;;;;;;;;;;;;;
PROV1688;Lerusta;;;;;;;;;;;;;
PROV1689;Haanok;;;;;;;;;;;;;
PROV1690;Ruyyihu;;;;;;;;;;;;;
PROV1691;Seroo;;;;;;;;;;;;;
PROV1692;Tartiz;;;;;;;;;;;;;
PROV1693;Romez;;;;;;;;;;;;;
PROV1694;Lamiyuan;;;;;;;;;;;;;
PROV1695;Kovoan;;;;;;;;;;;;;
PROV1696;Ozbuyi;;;;;;;;;;;;;
PROV1697;Qien;;;;;;;;;;;;;
PROV1698;Kutine;;;;;;;;;;;;;
PROV1699;Qiniyya;;;;;;;;;;;;;
PROV1700;Berani;;;;;;;;;;;;;
PROV1701;Tesegen;;;;;;;;;;;;;
PROV1702;Nbalena;;;;;;;;;;;;;
PROV1703;Barolk;;;;;;;;;;;;;
PROV1704;Lahto;;;;;;;;;;;;;
PROV1705;Nolobedta;;;;;;;;;;;;;
PROV1706;Difar;;;;;;;;;;;;;
PROV1707;Tarisey;;;;;;;;;;;;;
PROV1708;Qaneloc;;;;;;;;;;;;;
PROV1709;Walzim;;;;;;;;;;;;;
PROV1710;Dafava;;;;;;;;;;;;;
PROV1711;Gilemad;;;;;;;;;;;;;
PROV1712;Kanim;;;;;;;;;;;;;
PROV1713;Berusha;;;;;;;;;;;;;
PROV1714;Dokilof;;;;;;;;;;;;;
PROV1715;Silolk;;;;;;;;;;;;;
PROV1716;Ralpehn;;;;;;;;;;;;;
PROV1717;Kojib;;;;;;;;;;;;;
PROV1718;Tayarga;;;;;;;;;;;;;
PROV1719;Harkom;;;;;;;;;;;;;
PROV1720;Keloc;;;;;;;;;;;;;
PROV1721;Efais;;;;;;;;;;;;;
PROV1722;Beneld;;;;;;;;;;;;;
PROV1723;Kaledey;;;;;;;;;;;;;
PROV1724;Letosh;;;;;;;;;;;;;
PROV1725;Ocar;;;;;;;;;;;;;
PROV1726;Lake Marble;;;;;;;;;;;;;
PROV1727;Zen Asor;;;;;;;;;;;;;
PROV1728;Nainf;;;;;;;;;;;;;
PROV1729;Amzur;;;;;;;;;;;;;
PROV1730;Osimya;;;;;;;;;;;;;
PROV1731;Rimoun;;;;;;;;;;;;;
PROV1732;Nallor;;;;;;;;;;;;;
PROV1733;Zimeth;;;;;;;;;;;;;
PROV1734;Dadoki;;;;;;;;;;;;;
PROV1735;Qanabi;;;;;;;;;;;;;
PROV1736;Ragan;;;;;;;;;;;;;
PROV1737;Winidar;;;;;;;;;;;;;
PROV1738;Binorad;;;;;;;;;;;;;
PROV1739;Donubed;;;;;;;;;;;;;
PROV1740;Acunolf;;;;;;;;;;;;;
PROV1741;Sinobor;;;;;;;;;;;;;
PROV1742;Vusart;;;;;;;;;;;;;
PROV1743;Kiltonford;;;;;;;;;;;;;
PROV1744;Amarone;;;;;;;;;;;;;
PROV1745;Lorhan;;;;;;;;;;;;;
PROV1746;Letubu;;;;;;;;;;;;;
PROV1747;Tumaj;;;;;;;;;;;;;
PROV1748;Savegh;;;;;;;;;;;;;
PROV1749;Busandu;;;;;;;;;;;;;
PROV1750;Crimsonmoor;;;;;;;;;;;;;
PROV1751;Tanaury;;;;;;;;;;;;;
PROV1752;Ravencliff;;;;;;;;;;;;;
PROV1753;Bloodreach;;;;;;;;;;;;;
PROV1754;Grimwood;;;;;;;;;;;;;
PROV1755;Pyrion;;;;;;;;;;;;;
PROV1756;Moonzelf;;;;;;;;;;;;;
PROV1757;Xucinia;;;;;;;;;;;;;
PROV1758;Kerodis;;;;;;;;;;;;;
PROV1759;Redonas;;;;;;;;;;;;;
PROV1760;Abetouz;;;;;;;;;;;;;
PROV1761;Engouz;;;;;;;;;;;;;
PROV1762;Ceupo;;;;;;;;;;;;;
PROV1763;Bengeph;;;;;;;;;;;;;
PROV1764;Termic;;;;;;;;;;;;;
PROV1765;Nenda;;;;;;;;;;;;;
PROV1766;Pazith;;;;;;;;;;;;;
PROV1767;Isifu;;;;;;;;;;;;;
PROV1768;Banohn;;;;;;;;;;;;;
PROV1769;Jagul;;;;;;;;;;;;;
PROV1770;Hua La;;;;;;;;;;;;;
PROV1771;Kalevar Bay;;;;;;;;;;;;;
PROV1772;Habun Gulf;;;;;;;;;;;;;
PROV1773;Habun Gulf;;;;;;;;;;;;;
PROV1774;Lu Ang;;;;;;;;;;;;;
PROV1775;Ko Ong;;;;;;;;;;;;;
PROV1776;Amnatthaya;;;;;;;;;;;;;
PROV1777;Tanghet;;;;;;;;;;;;;
PROV1778;Aciyaka;;;;;;;;;;;;;
PROV1779;Siorr;;;;;;;;;;;;;
PROV1780;Alous;;;;;;;;;;;;;
PROV1781;Asoth;;;;;;;;;;;;;
PROV1782;Waahan;;;;;;;;;;;;;
PROV1783;Tusigo;;;;;;;;;;;;;
PROV1784;Volra;;;;;;;;;;;;;
PROV1785;Dover;;;;;;;;;;;;;
PROV1786;Rogucek;;;;;;;;;;;;;
PROV1787;Ultoin;;;;;;;;;;;;;
PROV1788;Zefi;;;;;;;;;;;;;
PROV1789;Rutoth;;;;;;;;;;;;;
PROV1790;Nopau;;;;;;;;;;;;;
PROV1791;Jedda;;;;;;;;;;;;;
PROV1792;Lavlit;;;;;;;;;;;;;
PROV1793;Ezuisoth;;;;;;;;;;;;;
PROV1794;Lombober;;;;;;;;;;;;;
PROV1795;Feppo;;;;;;;;;;;;;
PROV1796;Baas;;;;;;;;;;;;;
PROV1797;Qabadra;;;;;;;;;;;;;
PROV1798;Reqoch;;;;;;;;;;;;;
PROV1799;Gund Abad;;;;;;;;;;;;;
PROV1800;Wabasa;;;;;;;;;;;;;
PROV1801;Dapur;;;;;;;;;;;;;
PROV1802;Ber Tabacon;;;;;;;;;;;;;
PROV1803;Ysunn;;;;;;;;;;;;;
PROV1804;Ejaban;;;;;;;;;;;;;
PROV1805;Gabull;;;;;;;;;;;;;
PROV1806;Diazma;;;;;;;;;;;;;
PROV1807;Elendor;;;;;;;;;;;;;
PROV1808;Mithlond;;;;;;;;;;;;;
PROV1809;Thornvale;;;;;;;;;;;;;
PROV1810;Elmsreach;;;;;;;;;;;;;
PROV1811;Yggrath;;;;;;;;;;;;;
PROV1812;Jorundra;;;;;;;;;;;;;
PROV1813;Ashenfield;;;;;;;;;;;;;
PROV1814;Bergen;;;;;;;;;;;;;
PROV1815;Rifeh;;;;;;;;;;;;;
PROV1816;Nosa;;;;;;;;;;;;;
PROV1817;Qiom;;;;;;;;;;;;;
PROV1818;Nabit;;;;;;;;;;;;;
PROV1819;Rasoko;;;;;;;;;;;;;
PROV1820;Vozkit;;;;;;;;;;;;;
PROV1821;Tamelek;;;;;;;;;;;;;
PROV1822;Zonatri;;;;;;;;;;;;;
PROV1823;Helim;;;;;;;;;;;;;
PROV1824;Fonda;;;;;;;;;;;;;
PROV1825;Isezh;;;;;;;;;;;;;
PROV1826;Qopa;;;;;;;;;;;;;
PROV1827;Pelta;;;;;;;;;;;;;
PROV1828;Doja;;;;;;;;;;;;;
PROV1829;Usitta;;;;;;;;;;;;;
PROV1830;Kegim;;;;;;;;;;;;;
PROV1831;Keluva;;;;;;;;;;;;;
PROV1832;Botirv;;;;;;;;;;;;;
PROV1833;Weli;;;;;;;;;;;;;
PROV1834;Tasleg;;;;;;;;;;;;;
PROV1835;Eisot;;;;;;;;;;;;;
PROV1836;Wacar;;;;;;;;;;;;;
PROV1837;Qural;;;;;;;;;;;;;
PROV1838;Zorak;;;;;;;;;;;;;
PROV1839;Ahesi;;;;;;;;;;;;;
PROV1840;Belola;;;;;;;;;;;;;
PROV1841;Racon;;;;;;;;;;;;;
PROV1842;Yelt;;;;;;;;;;;;;
PROV1843;Lahmud;;;;;;;;;;;;;
PROV1844;Suner;;;;;;;;;;;;;
PROV1845;Besven;;;;;;;;;;;;;
PROV1846;Damuda;;;;;;;;;;;;;
PROV1847;Krois;;;;;;;;;;;;;
PROV1848;Montge;;;;;;;;;;;;;
PROV1849;Vedeux;;;;;;;;;;;;;
PROV1850;Zurbarran;;;;;;;;;;;;;
PROV1851;Creuxrenard;;;;;;;;;;;;;
PROV1852;Peyrac;;;;;;;;;;;;;
PROV1853;Skordh;;;;;;;;;;;;;
PROV1854;Azunere;;;;;;;;;;;;;
PROV1855;Cubele;;;;;;;;;;;;;
PROV1856;Tiria;;;;;;;;;;;;;
PROV1857;Talgar;;;;;;;;;;;;;x
PROV1858;Egles;;;;;;;;;;;;;x
PROV1859;Vievers;;;;;;;;;;;;;x
PROV1860;Velhad;;;;;;;;;;;;;x
PROV1861;Adampole;;;;;;;;;;;;;x
PROV1862;Ban Glean;;;;;;;;;;;;;x
PROV1863;Caed Myrkvid;;;;;;;;;;;;;x
PROV1864;Petrun;;;;;;;;;;;;;x
PROV1865;Ryba;;;;;;;;;;;;;x
PROV1866;Ustilog;;;;;;;;;;;;;x
PROV1867;Dun Gleanainn;;;;;;;;;;;;;x
PROV1868;Vaymbet;;;;;;;;;;;;;x
PROV1869;Birensk;;;;;;;;;;;;;x
PROV1870;Tugun;;;;;;;;;;;;;x
PROV1871;Maum;;;;;;;;;;;;;x
PROV1872;Taganrog;;;;;;;;;;;;;x
PROV1873;Terpilit;;;;;;;;;;;;;x
PROV1874;Ugol;;;;;;;;;;;;;x
PROV1875;Artiom;;;;;;;;;;;;;x
PROV1876;Daevon;;;;;;;;;;;;;
PROV1877;Gauf;;;;;;;;;;;;;
PROV1878;Ivlot;;;;;;;;;;;;;
PROV1879;Mangup;;;;;;;;;;;;;
PROV1880;Ard Gymraen;;;;;;;;;;;;;
PROV1881;Daud Otar;;;;;;;;;;;;;
PROV1882;Klin;;;;;;;;;;;;;
PROV1883;Suzdal;;;;;;;;;;;;;
PROV1884;Bukina;;;;;;;;;;;;;
PROV1885;Arkaim;;;;;;;;;;;;;
PROV1886;Barlest;;;;;;;;;;;;;
PROV1887;Kazener;;;;;;;;;;;;;
PROV1888;Nadym;;;;;;;;;;;;;
PROV1889;Meyda;;;;;;;;;;;;;x
PROV1890;Mugort;;;;;;;;;;;;;x
PROV1891;Tarlyk;;;;;;;;;;;;;x
PROV1892;Vspaden;;;;;;;;;;;;;x
PROV1893;Arvamas;;;;;;;;;;;;;x
PROV1894;Kaer Morhen;;;;;;;;;;;;;x
PROV1895;Munor;;;;;;;;;;;;;x
PROV1896;Tiga;;;;;;;;;;;;;x
PROV1897;Zabeley;;;;;;;;;;;;;x
PROV1898;Ard Kestrel;;;;;;;;;;;;;x
PROV1899;Kolooma;;;;;;;;;;;;;x
PROV1900;Marfink;;;;;;;;;;;;;x
PROV1901;Terssac;;;;;;;;;;;;;x
PROV1902;Lomtuga;;;;;;;;;;;;;x
PROV1903;Almandaye;;;;;;;;;;;;;x
PROV1904;Ard Ghlais;;;;;;;;;;;;;x
PROV1905;Beloozero;;;;;;;;;;;;;x
PROV1906;Jurga;;;;;;;;;;;;;x
PROV1907;Kadar Argon;;;;;;;;;;;;;
PROV1908;Angsul;;;;;;;;;;;;;
PROV1909;Monts of Angmar;;;;;;;;;;;;;
PROV1910;Imlad Balchorth;;;;;;;;;;;;;
PROV1911;Ravda;;;;;;;;;;;;;
PROV1912;Bar Grundail;;;;;;;;;;;;;
PROV1913;Gorothlad;;;;;;;;;;;;;
PROV1914;Maethad;;;;;;;;;;;;;
PROV1915;Aughaire;;;;;;;;;;;;;
PROV1916;Korondaj;;;;;;;;;;;;;
PROV1917;Korb Taskral;;;;;;;;;;;;;
PROV1918;Annuminas;;;;;;;;;;;;;
PROV1919;Biberveldt;;;;;;;;;;;;;
PROV1920;Thorin;;;;;;;;;;;;;
PROV1921;Nurumurl;;;;;;;;;;;;;
PROV1922;Gothol Zigil;;;;;;;;;;;;;
PROV1923;Baraz Duban;;;;;;;;;;;;;
PROV1924;Sulaj Dar;;;;;;;;;;;;;
PROV1925;Erebor;;;;;;;;;;;;;
PROV1926;Morlith;;;;;;;;;;;;;
PROV1927;Nabatan;;;;;;;;;;;;;
PROV1928;Elu Anath;;;;;;;;;;;;;
PROV1929;Har Narzul;;;;;;;;;;;;;
PROV1930;Senthar;;;;;;;;;;;;;
PROV1931;Pingassen;;;;;;;;;;;;;
PROV1932;Vhatau;;;;;;;;;;;;;
PROV1933;Muthris;;;;;;;;;;;;;
PROV1934;Obertauern;;;;;;;;;;;;;
PROV1935;Briesach;;;;;;;;;;;;;
PROV1936;Sivelitz;;;;;;;;;;;;;
PROV1937;Arriach;;;;;;;;;;;;;
PROV1938;Zeoben;;;;;;;;;;;;;
PROV1939;Vengerberg;;;;;;;;;;;;;
PROV1940;Kaudenberg;;;;;;;;;;;;;
PROV1941;Trelis;;;;;;;;;;;;;
PROV1942;Aspach;;;;;;;;;;;;;
PROV1943;Climont;;;;;;;;;;;;;
PROV1944;Jahki;;;;;;;;;;;;;
PROV1945;Katunets;;;;;;;;;;;;;
PROV1946;Turukhan;;;;;;;;;;;;;
PROV1947;Morghaar;;;;;;;;;;;;;
PROV1948;Blatnista;;;;;;;;;;;;;
PROV1949;Lesichovo;;;;;;;;;;;;;
PROV1950;Poibrene;;;;;;;;;;;;;
PROV1951;Yakhdoi;;;;;;;;;;;;;
PROV1952;Shroktak;;;;;;;;;;;;;
PROV1953;Cervantesa;;;;;;;;;;;;;
PROV1954;Myrbaz;;;;;;;;;;;;;
PROV1955;Formyre;;;;;;;;;;;;;
PROV1956;Aparhant;;;;;;;;;;;;;
PROV1957;Naugis;;;;;;;;;;;;;
PROV1958;Yumarrak;;;;;;;;;;;;;
PROV1959;Massylath;;;;;;;;;;;;;
PROV1960;Durthan;;;;;;;;;;;;;
PROV1961;Ukhorth;;;;;;;;;;;;;
PROV1962;Ashiun;;;;;;;;;;;;;
PROV1963;Qasynnar;;;;;;;;;;;;;
PROV1964;Hathdror;;;;;;;;;;;;;
PROV1965;Lake Red Coral;;;;;;;;;;;;;
PROV1966;Lake Citakal;;;;;;;;;;;;;