#CODE;ENGLISH;FRENCH;GERMAN;;SPANISH;;;;;;;;;x
jotunn;Jotunn;Jotunn;Jotunn;;Jotunn;;;;;;;;;x
djinni;Djinni;Djinni;Djinni;;Djinni;;;;;;;;;x
undead_culture_group;Undead;Undead;Undead;;Undead;;;;;;;;;x
zombie_culture;Zombie;Zombie;Zombie;;Zombie;;;;;;;;;x
vampire;Vampire;Vampire;Vampire;;Vampire;;;;;;;;;x
vampire_desc;This character is an unholy vampire, immortal and free from disease, but hated by all but their own kin.;Vampire;Vampire;;Vampire;;;;;;;;;x
werewolf;Werewolf;Werewolf;Werewolf;;Werewolf;;;;;;;;;x
werewolf_desc;This character bears the blood of the wolf, undying and powerful, but cursed with a savage, bestial form that emerges when the moon is full.;Werewolf;Werewolf;;Werewolf;;;;;;;;;x
zombie;Zombie;Zombie;Zombie;;Zombie;;;;;;;;;x
zombie_desc;This abomination is risen from the dead, and has no goals but to devour the flesh of men.;Zombie;Zombie;;Zombie;;;;;;;;;x
mummy;Mummy;Mummy;Mummy;;Mummy;;;;;;;;;x
mummy_desc;Entombed and preserved long ago by the Egyptians, some force has brought this corpse back to life.;Mummy;Mummy;;Mummy;;;;;;;;;x
djinn;Djinn;Djinn;Djinn;;Djinn;;;;;;;;;x
djinn_desc;Said to be made from fire as men were made from clay, these beings have many powers, though they usually do not meddle in human affairs.;Djinn;Djinn;;Djinn;;;;;;;;;x
god;God;God;God;;God;;;;;;;;;x
god_desc;This character is imbued with divine power. Immortal and powerful beyond most human imagination, these beings are literal gods among men.;God;God;;God;;;;;;;;;x
blood_of_the_gods;Blood of the Gods;God;God;;God;;;;;;;;;x
blood_of_the_gods_desc;This character was not directly born of a god, but some of that powerful blood still remains.;God;God;;God;;;;;;;;;x
demi_god;Demi-god;God;God;;God;;;;;;;;;x
demi_god_desc;While not a true god, this character possesses a substantial amount of divine blood. Demi-gods may not live forever, but they are a cut above other men in almost every way.;God;God;;God;;;;;;;;;x
pup;Pup;Pup;Pup;;Pup;;;;;;;;;x
pup_desc;This child has shown signs of sharing the blood of the wolf. It cannot fully transform, but in time its full powers will awaken.;Pup;Pup;;Pup;;;;;;;;;x
fledgling;Fledgling;Fledgling;Fledgling;;Fledgling;;;;;;;;;x
fledgling_desc;This child is the spawn of a vampire. It is not yet above diseases and even death, but will mature in time.;Fledgling;Fledgling;;Fledgling;;;;;;;;;x
half_giant;Half-Giant;Half-Giant;Half-Giant;;Half-Giant;;;;;;;;;x
half_giant_desc;This character is the child of a giant and a non-giant. An imposing sight, though perhaps not as tactful as most, half-giants are formidable opponents in combat.;Half-Giant;Half-Giant;;Half-Giant;;;;;;;;;x
dragon;Dragon;Pup;Pup;;Pup;;;;;;;;;x
dragon_desc;This character is a mighty dragon, powerful and capable of living eternally. Dragons are wise, persuasive, and have a particular fondness for hoarding wealth. ;Pup;Pup;;Pup;;;;;;;;;x
dragonborn;Dragonborn;Pup;Pup;;Pup;;;;;;;;;x
dragonborn_desc;This character, though human, bears the blood of dragons and a small portion of their strength and wisdom.;Pup;Pup;;Pup;;;;;;;;;x
son_of_solomon;Son of Solomon;Son of Solomon;Son of Solomon;;Son of Solomon;;;;;;;;;x
son_of_solomon_desc;This character is the leader of the resurrected Legion of Solomon.;Son of Solomon;Son of Solomon;;Son of Solomon;;;;;;;;;x
philosopher_stone;The Philosopher's Stone;The Philosopher's Stone;The Philosopher's Stone;;The Philosopher's Stone;;;;;;;;;x
philosopher_stone_desc;This character has found the legendary Philosopher's Stone. Not only does the substance facilitate transmutation, but it extends the life of its holder indefinitely.;The Philosopher's Stone;The Philosopher's Stone;;The Philosopher's Stone;;;;;;;;;x
monster_hunter;Monster Hunter;Monster Hunter;Monster Hunter;;Monster Hunter;;;;;;;;;x
monster_hunter_desc;This character has dedicated his life to the eradication of all monstrous creatures.;Monster Hunter;Monster Hunter;;Monster Hunter;;;;;;;;;x
novice_mage;Novice Mage;Zombie;Zombie;;Zombie;;;;;;;;;x
novice_mage_desc;The Novice Mage has dabbled in the arcane, but never learned much.;Zombie;Zombie;;Zombie;;;;;;;;;x
eldritch_scholar;Eldritch Scholar;Zombie;Zombie;;Zombie;;;;;;;;;x
eldritch_scholar_desc;The Eldritch Scholar is well-versed in the wizarding arts, and can perform a range of spells.;Zombie;Zombie;;Zombie;;;;;;;;;x
eldritch_scholar_death;of magical decay.;Zombie;Zombie;;Zombie;;;;;;;;;x
veteran_wizard;Veteran Wizard;Zombie;Zombie;;Zombie;;;;;;;;;x
veteran_wizard_desc;Few powers elude the Veteran Wizard, but their exercise takes a toll on the body.;Zombie;Zombie;;Zombie;;;;;;;;;x
veteran_wizard_death;of magical decay.;Zombie;Zombie;;Zombie;;;;;;;;;x
arcane_master;Arcane Master;Zombie;Zombie;;Zombie;;;;;;;;;x
arcane_master_desc;The Arcane Master is a wizard of unparralleled power. This character can perform miraculous feats, though at great cost.;Zombie;Zombie;;Zombie;;;;;;;;;x
arcane_master_death;of magical decay.;Zombie;Zombie;;Zombie;;;;;;;;;x
giant;Giant;Giant;Giant;;Giant;;;;;;;;;x
giant_desc;Twice over the height of men and tougher as well, the northern Giants are a fearsome sight in combat, though they lack the wisdom of common men.;Giant;Giant;;Giant;;;;;;;;;x
satanist;Luciferian;Satanist;Satanist;;Satanist;;;;;;;;;x
satanist_DESC;Sharing much of their theology with Catholics, but worshipping the fallen archangel Lucifer instead of The Holy Trinity, Satanists are despised throughout the Christian world.;Satanism;Satanism;;Satanism;;;;;;;;;x
satanist_DESC_2;Can have concubines.;satanist;satanist;;satanist;;;;;;;;;x
voodoo;Voodoo;Voodoo;Voodoo;;Voodoo;;;;;;;;;x
voodoo_DESC;A very loosely organized belief system centered around spirits and magic, the dark rituals of Voodoo are largely feared throughout the world.;Voodoo;Voodoo;;Voodoo;;;;;;;;;x
kemetic_pagan;Kemetic;Satanist;Satanist;;Satanist;;;;;;;;;x
kemetic_pagan_DESC;The ancient Egyptians worshipped a pantheon of gods including Ra, Osiris, and Anubis. While their religion was loosely defined and not highly uniform, it remained dominant in Egypt for over 3,000 years before the common era.;Satanism;Satanism;;Satanism;;;;;;;;;x
kemetic_pagan_reformed;Kemetic;Satanist;Satanist;;Satanist;;;;;;;;;x
kemetic_pagan_reformed_DESC;The ancient Egyptians worshipped a pantheon of gods including Ra, Osiris, and Anubis. While their religion was loosely defined and not highly uniform, it remained dominant in Egypt for over 3,000 years before the common era.;Satanism;Satanism;;Satanism;;;;;;;;;x
job_spiritual_satanist;Priest;satanist;satanist;;satanist;;;;;;;;;x
job_spiritual_kemetic_pagan;Priest;satanist;satanist;;satanist;;;;;;;;;x
job_spiritual_kemetic_pagan_reformed;Priest;satanist;satanist;;satanist;;;;;;;;;x
job_spiritual_jotnar;Godi;satanist;satanist;;satanist;;;;;;;;;x
job_spiritual_jotnar_reformed;Godi;satanist;satanist;;satanist;;;;;;;;;x
jotnar;Jotnar;Jotnar;Jotnar;;Jotnar;;;;;;;;;;x
jotnar_DESC;The Jotnar faith shares almost all mythology with that of Norse pagans. Both groups believe in several distinct otherworldly realms, among them Asgard and Jotunnheim. While the Norse worship Odin and Thor, the lords of Asgard, the Jotnar worship the giants of Jotunnheim, among them Loki, Jormundgandr, and Fenrir.;Jotnar;Jotnar;;Jotnar;;;;;;;;;;x
jotnar_reformed;Jotnar;Jotnar;Jotnar;;Jotnar;;;;;;;;;;x
jotnar_reformed_DESC;The Jotnar faith shares almost all mythology with that of Norse pagans. Both groups believe in several distinct otherworldly realms, among them Asgard and Jotunnheim. While the Norse worship Odin and Thor, the lords of Asgard, the Jotnar worship the giants of Jotunnheim, among them Loki, Jormundgandr, and Fenrir.;Jotnar;Jotnar;;Jotnar;;;;;;;;;;x
hellenic_pagan;Hellenic;Hellénisme;Hellenisch;;Helenística;;;;;;;;;x
hellenic_pagan_DESC;The Hellenistic religion is polytheistic, with a pantheon of twelve major gods including Zeus, Aries, Athena, and Poseidon. It originated in ancient Greece and with the conquests of Alexander the Great and the Roman Empire, it would go on to become the dominant religion in the Mediterranean world until the rise of Christendom.;La religion hellénique est polythéiste, avec un panthéon de douze dieux majeurs dont Jupiter, Mars, Mercure, Venus, Minerve et Vesta. Elle puise ses origines dans la Grèce antique et, grâce aux conquêtes d'Alexandre le Grand et l'Empire romain, elle a pu devenir la religion dominante en Méditerrannée jusqu'à l'avènement du Christianisme. Dans le jeu : \n§Y*§! Peut déclarer des guerres d'assujettissement contre les autre païens\n§Y*§! Les souverains ne peuvent pas déclarer de guerres saintes\n§Y*§! Capacité de conversion plus faible et vulnérable aux tentatives de conversion par les missionnaires non païens;Die hellenische Religion ist polytheistisch mit einem Pantheon von zwölf Hauptgöttern, zu welchen Jupiter, Mars, Merkur, Venus, Minerva und Vesta gehören. Sie entstammt dem alten Griechenland und wurde durch die Eroberungen Alexander des Großen und des römischen Reiches wurde sie zur Hauptreligion im Mittelmeerraum, bis zum Aufkommen des Christentums. Besondere Eigenschaften im Spiel: \n§Y*§! Kann Unterwerfungskriege gegen alle anderen Heiden führen\n§Y*§! Anführer können keinen heiligen Krieg erklären\n§Y*§! Unterlegen beim Bekehren und anfällig für nicht-heidnische Missionare;;La religión helenística es politeista, con un panteón de doce Dioses mayores incluyendo Júpiter, Marte, Mercurio, Venus, Minerva y Vesta. Se originó en la antigua Grecia y, con las conquistas de Alejandro Magno y el Imperio Romano, se convirtió en la religión predominante en el Mediterráneo hasta el auge del Cristianismo. Características definitorias en el juego: \n§Y*§! Puede declarar guerras de subyugación contra todos los demás paganos\n§Y*§! Los gobernantes no pueden declarar Guerras Santas\n§Y*§! Tasa inferior de conversión y vulnerable a los misioneros de religiones no paganas.;;;;;;;;;x
GOD_JUPITER;Zeus;Jupiter;Jupiter;;Júpiter;;;;;;;;;x
GOD_MERCURY;Hermes;Mercure;Merkur;;Mercurio;;;;;;;;;x
GOD_MARS;Aries;Mars;Mars;;Marte;;;;;;;;;x
GOD_VENUS;Aphrodite;Venus;Venus;;Venus;;;;;;;;;x
GOD_MINERVA;Athena;Minerve;Minerva;;Minerva;;;;;;;;;x
job_spiritual_hellenic_pagan;Diviner;Devin;Augur;;Augur;;;;;;;;;x
temple_baron_hellenic_pagan;Priest;Priest;Priest;;Priest;;;;;;;;;x
druidic;Brythonic;FRENCH;GERMAN;SPANISH;;;;;;;;;;x
druidic_reformed;Druidic;FRENCH;GERMAN;SPANISH;;;;;;;;;;x
druidic_DESC;Brythonic paganism is one of the last surviving branch of the ancient druidic belief systems. It features a pantheon of gods and a world full of spirits in which the children of Don rule the Skies, the Earth and the Otherworld. The main gods are Don and Lud, parents of the gods, Beli, the god of Healing, the Great Queen Rhiannon, the Horned god, called Amanaeth, Manawydan, the Sea God and Lleu of the Skillful Hand.;FRENCH;GERMAN;SPANISH;;;;;;;;;;x
druidic_reformed_DESC;The reformed brythonic faith has a standardized liturgy etched on the many raised stones on the British Isles, telling the story of Don and her children. It is led by the circle of the Druids with the Arch-Druid as the religious leader of the faithful.;FRENCH;GERMAN;SPANISH;;;;;;;;;;x
draconic_pagan;Draconic;FRENCH;GERMAN;SPANISH;;;;;;;;;;x
draconic_pagan_DESC;The Draconic faith is similar to many forms of European paganism and shares many legends and myths with them. However, unlike the other faiths which worship the great heroes of men in these tales, it venerates the dragons. Legendary serpents such as Nidhogg and Jormungandr are revered ad deities, and fire is viewed as a sacred healer and cleanser of evil.;FRENCH;GERMAN;SPANISH;;;;;;;;;;x
draconic_pagan_reformed;Draconic;FRENCH;GERMAN;SPANISH;;;;;;;;;;x
draconic_pagan_reformed_DESC;The reformed draconic faith has standardized texts and rituals, written by dragons which had previously not concerned themselves with books to spread a zealous faith to a growing population and perhaps even gain some human followers. Its primary god is Jormungandr, the world-serpent, said to live in the sea and encircle the entire world.;FRENCH;GERMAN;SPANISH;;;;;;;;;;x
GOD_BELI;Beli Mawr;FRENCH;GERMAN;SPANISH;;;;;;;;;;x
#GOD_BELI_irish;Angus mac Og;FRENCH;GERMAN;SPANISH;;;;;;;;;;x
GOD_AMANAETH;Amanaeth;FRENCH;GERMAN;SPANISH;;;;;;;;;;x
#GOD_AMANAETH_irish;The Horned God;FRENCH;GERMAN;SPANISH;;;;;;;;;;x
GOD_MANAWYDAN;Manawydan;FRENCH;GERMAN;SPANISH;;;;;;;;;;x
#GOD_MANAWYDAN_irish;Manannan mac Lir;FRENCH;GERMAN;SPANISH;;;;;;;;;;x
GOD_LLEU;Lleu;FRENCH;GERMAN;SPANISH;;;;;;;;;;x
#GOD_LLEU_irish;Lugh;FRENCH;GERMAN;SPANISH;;;;;;;;;;x
GOD_RHIANNON;Rhiannon;FRENCH;GERMAN;SPANISH;;;;;;;;;;x
#GOD_RHIANNON_irish;Macha;FRENCH;GERMAN;SPANISH;;;;;;;;;;x
GOD_EARTH;Don;FRENCH;GERMAN;SPANISH;;;;;;;;;;x
#GOD_EARTH_irish;Dana;FRENCH;GERMAN;SPANISH;;;;;;;;;;x
GOD_SKY;Lud;FRENCH;GERMAN;SPANISH;;;;;;;;;;x
#GOD_SKY_irish;Nuada;FRENCH;GERMAN;SPANISH;;;;;;;;;;x
THE_STONES;The Sacred Stones;FRENCH;GERMAN;SPANISH;;;;;;;;;;x
THE_BALLADS;The Ballads;FRENCH;GERMAN;SPANISH;;;;;;;;;;x
d_druidic_reformed;The Circle of Druids;FRENCH;GERMAN;SPANISH;;;;;;;;;;x
ARCH_DRUID;Arch Druid;FRENCH;GERMAN;SPANISH;;;;;;;;;;x
ARCH_DRUID_FOA;Eldest of the Druids;FRENCH;GERMAN;SPANISH;;;;;;;;;;x
job_spiritual_druidic;Seer;Voyant;Seher;;Vidente;;;;;;;;;x
turn_vampire;Offer to Turn;Turn Prisoner;Turn Prisoner;;Turn Prisoner;;;;;;;;;x
turn_vampire_desc;Offer [Root.GetTitledFirstName] the dark gift of vampirism. This offer may not be received well by God's faithful, but your prisoners will be unable to refuse.;Turn Prisoner;Turn Prisoner;;Turn Prisoner;;;;;;;;;x
turn_werewolf;Offer to Turn;Turn Prisoner;Turn Prisoner;;Turn Prisoner;;;;;;;;;x
turn_werewolf_desc;Offer [Root.GetTitledFirstName] with the blood of the wolf. This offer may not be received well by God's faithful, but your prisoners will be unable to refuse.;Turn Prisoner;Turn Prisoner;;Turn Prisoner;;;;;;;;;x
kill_prisoner_vampire;Drink Blood;Drink [Root.GetTitledFirstName]'s blood;Drink [Root.GetTitledFirstName]'s blood;;Drink [Root.GetTitledFirstName]'s blood;;;;;;;;;x
kill_prisoner_vampire_desc;Drain [Root.GetTitledFirstName] of all life.;Drink [Root.GetTitledFirstName]'s blood;Drink [Root.GetTitledFirstName]'s blood;;Drink [Root.GetTitledFirstName]'s blood;;;;;;;;;x
vampire_convert_to_satanist;Convert to Luciferian;Turn Prisoner;Turn Prisoner;;Turn Prisoner;;;;;;;;;x
vampire_convert_to_satanist_desc;Heed Lucifer's call and join the fold of your kind's true faith.;Turn Prisoner;Turn Prisoner;;Turn Prisoner;;;;;;;;;x
brew_love_potion;Brew Love Potion;Brew Love Potion;Brew Love Potion;;Brew Love Potion;;;;;;;;;x
brew_love_potion_desc;Brew a potion for your spouse with which to spice your marriage.;Brew Love Potion;Brew Love Potion;;Brew Love Potion;;;;;;;;;x
attempt_alchemy;Attempt Alchemy;Attempt Alchemy;Attempt Alchemy;;Attempt Alchemy;;;;;;;;;x
attempt_alchemy_desc;Attempt to craft gold from other materials.;Attempt Alchemy;Attempt Alchemy;;Attempt Alchemy;;;;;;;;;x
summon_ethereal_army;Summon Ethereal Army;Summon Ethereal Army;Summon Ethereal Army;;Summon Ethereal Army;;;;;;;;;x
summon_ethereal_army_desc;Summon an army of ethereal beings to help you win this war.;Summon Ethereal Army;Summon Ethereal Army;;Summon Ethereal Army;;;;;;;;;x
cast_aura;Cast Aura;Cast Aura;Cast Aura;;Cast Aura;;;;;;;;;x
cast_aura_desc;Cast an aura around yourself to make others more agreeable.;Cast Aura;Cast Aura;;Cast Aura;;;;;;;;;x
known_monster;Suspected Monster;Known Monster;Known Monster;;Known Monster;;;;;;;;;x
known_monster_desc;This character has taken actions that make the public begin to suspect that true and monstrous evil is afoot...;Known Monster;Known Monster;;Known Monster;;;;;;;;;x
expel_satanists;Expel Satanists;Convert Populace;Convert Populace;;Convert Populace;;;;;;;;;x
expel_satanists_desc;Purge all satan-worshippers from the realm.;Convert Populace;Convert Populace;;Convert Populace;;;;;;;;;x
welcome_satanists;Welcome Satanists;Convert Populace;Convert Populace;;Convert Populace;;;;;;;;;x
welcome_satanists_desc;Welcome the respectible followers of Lucifer back into our realm.;Convert Populace;Convert Populace;;Convert Populace;;;;;;;;;x
scorch_settlement;Scorch Land;Convert Populace;Convert Populace;;Convert Populace;;;;;;;;;x
scorch_settlement_desc;Set this land ablaze with dragonfire.;Convert Populace;Convert Populace;;Convert Populace;;;;;;;;;x
scorched_land;Scorched Land;Convert Populace;Convert Populace;;Convert Populace;;;;;;;;;x
scorched_land_desc;Dragons have burned this land.;Convert Populace;Convert Populace;;Convert Populace;;;;;;;;;x
recently_scorched_land;Recently Scorched Land;Convert Populace;Convert Populace;;Convert Populace;;;;;;;;;x
recently_scorched_land_desc;Dragons have burned this land recently.;Convert Populace;Convert Populace;;Convert Populace;;;;;;;;;x
recently_scorched_land_not_owner;Recently Scorched Land;Convert Populace;Convert Populace;;Convert Populace;;;;;;;;;x
recently_scorched_land_not_owner_desc;Dragons have burned this land recently.;Convert Populace;Convert Populace;;Convert Populace;;;;;;;;;x
SCORCH_DESTROY_BUILDINGS;MAY DESTROY HOLDINGS;Convert Populace;Convert Populace;;Convert Populace;;;;;;;;;x
death_werewolf;from a werewolf attack.;Zombie;Zombie;;Zombie;;;;;;;;;x
coverup_successful;the coverup being successful.;the coverup being successful.;the coverup being successful.;;the coverup being successful.;;;;;;;;;x
preparations_begin;Preparations begin.;Preparations begin.;Preparations begin.;;Preparations begin.;;;;;;;;;x
expedition_sent;An expedition is sent.;An expedition is sent.;An expedition is sent.;;An expedition is sent.;;;;;;;;;x
expedition_sent_2;More men are sent.;An expedition is sent.;An expedition is sent.;;An expedition is sent.;;;;;;;;;x
spell_cast;The spell is cast.;The spell is cast.;The spell is cast.;;The spell is cast.;;;;;;;;;x
satanists_are_expelled;Luciferians are expelled.;Luciferians are expelled;Luciferians are expelled;;Luciferians are expelled;;;;;;;;;x
satanists_are_welcome;Luciferians are welcomed.;Luciferians are welcomed.;Luciferians are welcomed.;;Luciferians are welcomed.;;;;;;;;;x
hellenic_quest;Go on a Great Quest;Go on a great quest.;Go on a great quest.;;Go on a great quest.;;;;;;;;;x
hellenic_quest_desc;Go on a great quest, sure to be the grandest of your life.;Go on a great quest.;Go on a great quest.;;Go on a great quest.;;;;;;;;;x
vampire_convert_culture;Found Vampiric Culture;Found Vampiric Culture;Found Vampiric Culture;;Found Vampiric Culture;;;;;;;;;x
vampire_convert_culture_desc;You have established an entire kingdom for your kin - it may finally be safe to live freely and openly among your people.;Found Vampiric Culture;Found Vampiric Culture;;Found Vampiric Culture;;;;;;;;;x
werewolf_convert_culture;Found Lycan Culture;Found Lycan Culture;Found Lycan Culture;;Found Lycan Culture;;;;;;;;;x
werewolf_convert_culture_desc;You have established an entire kingdom for your kin - it may finally be safe to live freely and openly among your people.;Found Vampiric Culture;Found Vampiric Culture;;Found Vampiric Culture;;;;;;;;;x
d_satanist;The Luciferian Church;High Priesthood;High Priesthood;;High Priesthood;;;;;;;;;x
d_satanist_adj;Luciferian;High Priesthood;High Priesthood;;High Priesthood;;;;;;;;;x
d_jotnar_reformed;The Jotnar Fylkirate;High Priesthood;High Priesthood;;High Priesthood;;;;;;;;;x
d_jotnar_reformed_adj;Jotnar;High Priesthood;High Priesthood;;High Priesthood;;;;;;;;;x
d_draconic_pagan_reformed;The Sapphire Flame;The High Priesthood;The High Priesthood;;The High Priesthood;;;;;;;;;x
d_draconic_pagan_reformed_adj;Draconic;Holy;Holy;;Holy;;;;;;;;;x
d_hellenic_pagan;The High Priesthood;The High Priesthood;The High Priesthood;;The High Priesthood;;;;;;;;;x
d_hellenic_pagan_adj;Hellenic;Holy;Holy;;Holy;;;;;;;;;x
d_helsing;The Knights of Helsing;Ridderorde van Helsing;Ridderorde van Helsing;;Ridderorde van Helsing;;;;;;;;;;x
d_helsing_adj;Helsing;Ridderorde van Helsing;Ridderorde van Helsing;;Ridderorde van Helsing;;;;;;;;;;x
e_zombie;The Undead Horde;High Priesthood;High Priesthood;;High Priesthood;;;;;;;;;x
e_zombie_adj;Zombie;High Priesthood;High Priesthood;;High Priesthood;;;;;;;;;x
e_vampire;Nocturne Imperium;Vampyrian Empire;Vampyrian Empire;;Vampyrian Empire;;;;;;;;;x
e_vampire_adj;Vampire;Vampyrian Empire;Vampyrian Empire;;Vampyrian Empire;;;;;;;;;x
e_werewolf;Lycan Empire;Lycan Empire;Lycan Empire;;Lycan Empire;;;;;;;;;x
e_werewolf_adj;Lycan;Lycan;Lycan;;Lycan;;;;;;;;;x
e_djinn;Djinni Caliphate;Djinni Legion;Djinni Legion;;Djinni Legion;;;;;;;;;x
e_djinn_adj;Djinni;Djinni Legion;Djinni Legion;;Djinni Legion;;;;;;;;;x
d_solomon_legion;Solomon's Legion;High Priesthood;High Priesthood;;High Priesthood;;;;;;;;;x
d_solomon_legion_adj;Legionary;High Priesthood;High Priesthood;;High Priesthood;;;;;;;;;x
k_avalon;Avalon;Avalon;Avalon;;Avalon;;;;;;;;;x
k_avalon_adj;Avalonian;Avalon;Avalon;;Avalon;;;;;;;;;x
e_olympus;Olympus;Olympus;Olympus;;Olympus;;;;;;;;;x
e_olympus_adj;Olympian;Olympus;Olympus;;Olympus;;;;;;;;;x
e_asgard;Asgard;Olympus;Olympus;;Olympus;;;;;;;;;x
e_asgard_adj;Asgardian;Olympus;Olympus;;Olympus;;;;;;;;;x
other_group;Other Religions;Other Religions;Other Religions;;Other Religions;;;;;;;;;x
zombie_plague;The Dread Plague;The Dread Plague;The Dread Plague;;The Dread Plague;;;;;;;;;x
zombie_plague_info;This swarm of godless undead is fatal without fail. Every man bitten becomes another beast and joins the horde.;The Dread Plague;The Dread Plague;;The Dread Plague;;;;;;;;;x
zombie_law;Zombie Law;Zombie Law;Zombie Law;;Zombie Law;;;;;;;;;x
nick_the_impaler;the Impaler;the Impaler;the Impaler;;the Impaler;;;;;;;;;x
nick_ozymandias;Ozymandias;Ozymandias;Ozymandias;;Ozymandias;;;;;;;;;x
egyptian;Old Egyptian;Old Egyptian;Old Egyptian;;Old Egyptian;;;;;;;;;x
dragon_culture_group;Dragons;Dragons;Dragons;;Dragons;;;;;;;;;x
draconic;Draconic;Dragon;Dragon;;Dragon;;;;;;;;;x
monster_culture_group;Monsters;Monsters;Monsters;;Monsters;;;;;;;;;x
vampire_culture;Vampiric;Vampiric;Vampiric;;Vampiric;;;;;;;;;x
werewolf_culture;Lycan;Lycan;Lycan;;Lycan;;;;;;;;;x
king_egyptian;Pharaoh;Pharaoh;Pharaoh;;Pharaoh;;;;;;;;;x
giant_culture_modifier;Giant Huskarls;Giant Huskarls;Giant Huskarls;;Giant Huskarls;;;;;;;;;x
djinni_culture_modifer;Djinni Firethrowers;Djinni Firethrowers;Djinni Firethrowers;;Djinni Firethrowers;;;;;;;;;x
dragon_culture_modifier;Dragon Mounts;Dragon Mounts;Dragon Mounts;;Dragon Mounts;;;;;;;;;x
e_vampire_modifier;Vampires;Deathdealers;Deathdealers;;Deathdealers;;;;;;;;;x
e_werewolf_modifier;Werewolves;Werewolves;Werewolves;Werewolves;;;;;;;;;x
e_djinni_modifer;Djinni Firethrowers;Djinni Firethrowers;Djinni Firethrowers;;Djinni Firethrowers;;;;;;;;;x
djinni_culture_modifer;Djinni Firethrowers;Djinni Firethrowers;Djinni Firethrowers;;Djinni Firethrowers;;;;;;;;;x
e_zombie_modifier;Zombies;Zombies;Zombies;;Zombies;;;;;;;;;x
zombie_culture_modifier;Dead Lands;Zombies;Zombies;;Zombies;;;;;;;;;x
zombie_invasion_desc;The horde attacks another realm.;zombie;zombie;;zombie;;;;;;;;;x
challenged_emperor;Challenged Emperor;Cast Spell;Cast Spell;;Cast Spell;;;;;;;;;x
challenged_emperor_desc;Has recently issued a challenge for dominance of the empire and cannot do so again for 5 years.;Cast Spell;Cast Spell;;Cast Spell;;;;;;;;;x
cast_spell;Cast Spell;Cast Spell;Cast Spell;;Cast Spell;;;;;;;;;x
cast_spell_desc;Has recently cast a spell and must wait before performing any more magic.;Cast Spell;Cast Spell;;Cast Spell;;;;;;;;;x
has_quested;Has Quested;Cast Spell;Cast Spell;;Cast Spell;;;;;;;;;x
has_quested_desc;This character has been on a grand quest, and cannot do so again.;Cast Spell;Cast Spell;;Cast Spell;;;;;;;;;x
golden_fleece;Golden Fleece;Cast Spell;Cast Spell;;Cast Spell;;;;;;;;;x
golden_fleece_desc;This character bears the legendary golden fleece, granting a more illustrious rule.;Cast Spell;Cast Spell;;Cast Spell;;;;;;;;;x
medusa_head;Medusa's Head;Cast Spell;Cast Spell;;Cast Spell;;;;;;;;;x
medusa_head_desc;This character bears the head of the legendary gorgon Medusa, a fearsome and deadly sight on the fields of battle.;Cast Spell;Cast Spell;;Cast Spell;;;;;;;;;x
minor_aura;Minor Aura;Minor Aura;Minor Aura;;Minor Aura;;;;;;;;;x
minor_aura_desc;This character exudes a friendly aura.;Minor Aura;Minor Aura;;Minor Aura;;;;;;;;;x
persuasive_aura;Persuasive Aura;Minor Aura;Minor Aura;;Minor Aura;;;;;;;;;x
persuasive_aura_desc;This character exudes a persuasive aura.;Minor Aura;Minor Aura;;Minor Aura;;;;;;;;;x
powerful_aura;Powerful Aura;Minor Aura;Minor Aura;;Minor Aura;;;;;;;;;x
powerful_aura_desc;This character exudes a powerfully persuasive aura.;Minor Aura;Minor Aura;;Minor Aura;;;;;;;;;x
expelled_satanists;Expelled Luciferians;Expelled Satanists;Expelled Satanists;;Expelled Satanists;;;;;;;;;x
expelled_satanists_desc;This character has expelled all Luciferians from the realm.;Expelled Satanists;Expelled Satanists;;Expelled Satanists;;;;;;;;;x
werewolf_challenge;Challenge the Emperor;Challenge the Emperor;Challenge the Emperor;;Challenge the Emperor;;;;;;;;;x
werewolf_challenge_desc;Stake your life on a battle to rule your kin.;Challenge the Emperor;Challenge the Emperor;;Challenge the Emperor;;;;;;;;;x
owl_familiar;Owl Familiar;Owl Familiar;Owl Familiar;;Owl Familiar;;;;;;;;;x
owl_familiar_desc;This character has summoned a magical owl as a companion.;Owl Familiar;Owl Familiar;;Owl Familiar;;;;;;;;;x
rat_familiar;Rat Familiar;Owl Familiar;Owl Familiar;;Owl Familiar;;;;;;;;;x
rat_familiar_desc;This character has summoned a magical rat as a companion.;Owl Familiar;Owl Familiar;;Owl Familiar;;;;;;;;;x
crow_familiar;Crow Familiar;Owl Familiar;Owl Familiar;;Owl Familiar;;;;;;;;;x
crow_familiar_desc;This character has summoned a magical crow as a companion.;Owl Familiar;Owl Familiar;;Owl Familiar;;;;;;;;;x
wolf_familiar;Wolf Familiar;Owl Familiar;Owl Familiar;;Owl Familiar;;;;;;;;;x
wolf_familiar_desc;This character has summoned a magical wolf as a companion.;Owl Familiar;Owl Familiar;;Owl Familiar;;;;;;;;;x
dove_familiar;Dove Familiar;Owl Familiar;Owl Familiar;;Owl Familiar;;;;;;;;;x
dove_familiar_desc;This character has summoned a magical dove as a companion.;Owl Familiar;Owl Familiar;;Owl Familiar;;;;;;;;;x
death_oxen;died trying to tame oxen;died trying to tame oxen;died trying to tame oxen;;died trying to tame oxen;;;;;;;;;x
death_dragon;was burned to death in dragon fire;died trying to tame oxen;died trying to tame oxen;;died trying to tame oxen;;;;;;;;;x
death_gorgon;was turned to stone by a gorgon's gaze;died trying to tame oxen;died trying to tame oxen;;died trying to tame oxen;;;;;;;;;x
MAGIC_FOCUS;Magic Focus;Magic Focus;Magic Focus;;Magic Focus;;;;;;;;;x
focus_magic_title;Magic;Magic Focus;Magic Focus;;Magic Focus;;;;;;;;;x
focus_magic_desc;[This.GetTitledFirstName] spends time on magical pursuits, enhancing their power and reducing their negative side-effects.;Magic Focus;Magic Focus;;Magic Focus;;;;;;;;;x
focus_ch_magic_title;Magic;Magic Focus;Magic Focus;;Magic Focus;;;;;;;;;x
focus_ch_magic_desc;[This.GetTitledFirstName] is raised to be inquisitive and question all facets of existence.;Magic Focus;Magic Focus;;Magic Focus;;;;;;;;;x
focus_ed_magic_title;Magic;Magic Focus;Magic Focus;;Magic Focus;;;;;;;;;x
focus_ed_magic_desc;[This.GetTitledFirstName] is educated in the mystical arts, preparing to become a true mage.;Magic Focus;Magic Focus;;Magic Focus;;;;;;;;;x
zombies;Zombies;Zombies;Zombies;;Zombies;;;;;;;;;x
zombies_offensive;Zombies Offensive;Zombies;Zombies;;Zombies;;;;;;;;;x
zombies_defensive;Zombies Defensive;Zombies;Zombies;;Zombies;;;;;;;;;x
RETTYPE_CUL_ZOMBIE;Zombies;Zombies;Zombies;;Zombies;;;;;;;;;x
dragon_cavalry;Dragon Raiders;Dragon Riders;Dragon Riders;;Dragon Riders;;;;;;;;;x
dragon_cavalry_offensive;Dragon Raiders Offensive;Dragon Riders;Dragon Riders;;Dragon Riders;;;;;;;;;x
dragon_cavalry_defensive;Dragon Raiders Defensive;Dragon Riders;Dragon Riders;;Dragon Riders;;;;;;;;;x
RETTYPE_CUL_DRAGON;Dragon Raiders;Dragon Riders;Dragon Riders;;Dragon Riders;;;;;;;;;x
lycan_berzerkers;Lycan Berzerkers;Lycan Berzerkers;Lycan Berzerkers;;Lycan Berzerkers;;;;;;;;;x
lycan_berzerkers_offensive;Lycan Berzerkers;Lycan Berzerkers;Lycan Berzerkers;;Lycan Berzerkers;;;;;;;;;x
lycan_berzerkers_defensive;Lycan Berzerkers;Lycan Berzerkers;Lycan Berzerkers;;Lycan Berzerkers;;;;;;;;;x
RETTYPE_CUL_WEREWOLF;Lycan Berzerkers;Lycan Berzerkers;Lycan Berzerkers;;Lycan Berzerkers;;;;;;;;;x
vampires;Vampires;Vampires;Vampires;;Vampires;;;;;;;;;x
vampires_offensive;Vampires;Vampires;Vampires;;Vampires;;;;;;;;;x
vampires_defensive;Vampires;Vampires;Vampires;;Vampires;;;;;;;;;x
RETTYPE_CUL_VAMPIRE;Vampires;Vampires;Vampires;;Vampires;;;;;;;;;x
ca_vampire_citadel_1;Citadel;;;;;;;;;;;;;x
ca_vampire_citadel_1_desc;The citadel is the highest and strongest part of the castle system, a worthy place for the vampire aristocracy to live in.;;;;;;;;;;;;;x
ca_vampire_citadel_2;Huge Citadel;;;;;;;;;;;;;x
ca_vampire_citadel_2_desc;One of the biggest citadel ever built, truly a monument to the might of the vampires.;;;;;;;;;;;;;x
ca_vampire_catacomb;Catacombs;;;;;;;;;;;;;x
ca_vampire_catacomb_desc;Catacombs are used as a burial site, but vampires use these tombs to draw the powers of the undead.;;;;;;;;;;;;;x
ca_werewolf_pits;Fight Pits;;;;;;;;;;;;;x
ca_werewolf_pits_desc;The fighting pits are huge circular arenas that provide the citizens and visitors with entertainment.;;;;;;;;;;;;;x
ca_werewolf_lodge;Hunting Lodge;;;;;;;;;;;;;x
ca_werewolf_lodge_desc;The hunting lodge is a schloss that served to kill the lust of the ruler and his entourage by hunting in the area.;;;;;;;;;;;;;x
ca_giant_arena;Arena;;;;;;;;;;;;;x
ca_giant_arena_desc;Arena is the place where giants honed their skills, as to be ready for the next raid on the small people.;;;;;;;;;;;;;x
ca_giant_shield;Shield Wall;;;;;;;;;;;;;x
ca_giant_shield_desc;A entire hall dedicated glorification of formidable foes slayed by giant blades.;;;;;;;;;;;;;x
ca_giant_hall;Feasting Hall;;;;;;;;;;;;;x
ca_giant_hall_desc;It served as a house for the King and his kin, a meeting hall for the King and his advisors, and a gathering hall.;;;;;;;;;;;;;x
ca_god_pantheon;Pantheon;;;;;;;;;;;;;x
ca_god_pantheon_desc;The temple in which the gods live and where the common folk worship them.;;;;;;;;;;;;;x
ca_dragon_vault_1;Small Treasure Cave;;;;;;;;;;;;;x
ca_dragon_vault_1_desc;A small cave where dragons store their treasure.;;;;;;;;;;;;;x
ca_dragon_vault_2;Large Treasure Cave;;;;;;;;;;;;;x
ca_dragon_vault_2_desc;The treasure cave is the place where dragons amass all their wealth, it is usualy the best protected part of their realm.;;;;;;;;;;;;;x
ca_dragon_tower_1;Small Dragon Tower;;;;;;;;;;;;;x
ca_dragon_tower_1_desc;A small tower form which the dragons could see their surroundings.;;;;;;;;;;;;;x
ca_dragon_tower_2;Dragon Tower;;;;;;;;;;;;;x
ca_dragon_tower_2_desc;From the top of the tower the dragon could see all of its realm and in case of need protect it.;;;;;;;;;;;;;x
ca_dragon_tower_3;Huge Dragon Tower;;;;;;;;;;;;;x
ca_dragon_tower_3_desc;A huge tower that allowed the dragon to see beyond their realm and all possible invasions that could be coming.;;;;;;;;;;;;;x
ca_mage_college;College of Mages;;;;;;;;;;;;;x
ca_mage_college_desc;The place where mages learn how to pratice their craft.;;;;;;;;;;;;;x
ca_mage_library;Library;;;;;;;;;;;;;x
ca_mage_library_desc;The biggest libraries where own by mages and their secrets, inside of them lies so much knowledge that if a regular human where to try to study it all, it would require centuries.;;;;;;;;;;;;;x
tb_vampire_citadel_1;Citadel;;;;;;;;;;;;;x
tb_vampire_citadel_1_desc;The citadel is the highest and strongest part of the castle system, a worthy place for the vampire aristocracy to live in.;;;;;;;;;;;;;x
tb_vampire_citadel_2;Huge Citadel;;;;;;;;;;;;;x
tb_vampire_citadel_2_desc;One of the biggest citadel ever built, truly a monument to the might of the vampires.;;;;;;;;;;;;;x
tb_vampire_catacomb;Catacombs;;;;;;;;;;;;;x
tb_vampire_catacomb_desc;Catacombs are used as a burial site, but vampires use these tombs to draw the powers of the undead.;;;;;;;;;;;;;x
tb_werewolf_pits;Fight Pits;;;;;;;;;;;;;x
tb_werewolf_pits_desc;The fighting pits are huge circular arenas that provide the citizens and visitors with entertainment.;;;;;;;;;;;;;x
tb_werewolf_lodge;Hunting Lodge;;;;;;;;;;;;;x
tb_werewolf_lodge_desc;The hunting lodge is a schloss that served to kill the lust of the ruler and his entourage by hunting in the area.;;;;;;;;;;;;;x
tb_giant_arena;Arena;;;;;;;;;;;;;x
tb_giant_arena_desc;Arena is the place where giants honed their skills, as to be ready for the next raid on the small people.;;;;;;;;;;;;;x
tb_giant_shield;Shield Wall;;;;;;;;;;;;;x
tb_giant_shield_desc;A entire hall dedicated glorification of formidable foes slayed by giant blades.;;;;;;;;;;;;;x
tb_giant_hall;Feasting Hall;;;;;;;;;;;;;x
tb_giant_hall_desc;It served as a house for the King and his kin, a meeting hall for the King and his advisors, and a gathering hall.;;;;;;;;;;;;;x
tb_god_pantheon;Pantheon;;;;;;;;;;;;;x
tb_god_pantheon_desc;The temple in which the gods live and where the common folk worship them.;;;;;;;;;;;;;x
tb_dragon_vault_1;Small Treasure Cave;;;;;;;;;;;;;x
tb_dragon_vault_1_desc;A small cave where dragons store their treasure, blood and treasure.;;;;;;;;;;;;;x
tb_dragon_vault_2;Large Treasure Cave;;;;;;;;;;;;;x
tb_dragon_vault_2_desc;The treasure cave is the place where dragons amass all their wealth, it is usualy the best protected part of their realm.;;;;;;;;;;;;;x
tb_dragon_tower_1;Small Dragon Tower;;;;;;;;;;;;;x
tb_dragon_tower_1_desc;A small tower form which the dragons could see their surroundings.;;;;;;;;;;;;;x
tb_dragon_tower_2;Dragon Tower;;;;;;;;;;;;;x
tb_dragon_tower_2_desc;From the top of the tower the dragon could see all of its realm and in case of need protect it.;;;;;;;;;;;;;x
tb_dragon_tower_3;Huge Dragon Tower;;;;;;;;;;;;;x
tb_dragon_tower_3_desc;A huge tower that allowed the dragon to see beyond their realm and all possible invasions that could be coming.;;;;;;;;;;;;;x
tb_mage_college;College of Mages;;;;;;;;;;;;;x
tb_mage_college_desc;The place where mages learn how to pratice their craft.;;;;;;;;;;;;;x
tb_mage_library;Library;;;;;;;;;;;;;x
tb_mage_library_desc;The biggest libraries were owned by mages to store their many secrets. Inside of them lies so much knowledge that if a regular human were to try to study it all, it would require centuries.;;;;;;;;;;;;;x
BM_MYTH_AND_MAGIC;Myth and Magic;Myth and Magic;Myth and Magic;;Myth and Magic;;;;;;;;;x
BM_MYTH_AND_MAGIC_DESC;Long before the renaissance, when the old gods were still strong and the world was not so well known, men of myth and magic still walked the Earth, though their deeds are now forgotten. Giants roamed in the north, undying men with the blood of wolves and bats inspired the fear of the world, and some dabbled in the mystical arts. Through the ages their history became legend, and legend became myth, but in another time, they might instead thrive.;Myth and Magic;Myth and Magic;;Myth and Magic;;;;;;;;;x
BM_MYTH_AND_MAGIC_ERA;Myth and Magic;Myth and Magic;Myth and Magic;;Myth and Magic;;;;;;;;;x
BM_MYTH_AND_MAGIC_ERA_INFO;Long before the renaissance, when the old gods were still strong and the world was not so well known, men of myth and magic still walked the Earth, though their deeds are now forgotten. Giants roamed in the north, undying men with the blood of wolves and bats inspired the fear of the world, and some dabbled in the mystical arts. Through the ages their history became legend, and legend became myth, but in another time, they might instead thrive.;Myth and Magic;Myth and Magic;;Myth and Magic;;;;;;;;;x
ERA_CHAR_INFO_268287;Chief and first among the wolfmen, Velnias leads his small clan as they struggle to survive in a world that fears and does not understand them. Some say the blood of the wolf is a curse, but it may prove to be a blessing...;Era;Era;;Era;;;;;;;;;x
ERA_CHAR_INFO_268366;Brynjolf is among the last few of the old and simple race of giants. His people were made into myths and hunted nearly to extinction by the Northmen who feared them as evil gods, and now they scrape out a living in the far northern mountains, waiting for their chance to return.;Era;Era;;Era;;;;;;;;;x
ERA_CHAR_INFO_268286;The infamous Vlad the Impaler was known for his brutality. To strike fear into the hearts of his enemies, he made examples of entire towns, impaling the villagers on spikes for all to see. But some say his cruelty was more than just malice, and that he not only killed, but was an undead abomination himself that fed upon the blood of the living. Was he cursed by God... or blessed by the Devil?;Era;Era;;Era;;;;;;;;;x
ERA_CHAR_INFO_268290;As Christianity spread throughout Europe, it brought with it teachings that minimized or even demonized the magical arts. As the years passed, court wizards faded into obscurity and no longer had the trust of their Lords. Rhodric is one of few left who still believe in them, and even has some magical talents of his own..;Era;Era;;Era;;;;;;;;;x
ERA_CHAR_INFO_145182;Argos of Achaia is a proud man who believes in faith and tradition. His family through the generations watched as Rome adopted Christianity, then split in two and has declined ever since. In Argos' mind, this is no coincidence, and he strives to return to the traditional Greek faith. Will he relent and pray to the God of his Basileus, or press even harder to return to the glory of the past?;Era;Era;;Era;;;;;;;;;x
ERA_CHAR_INFO_268299;The dragons were once a proud and prolific race, respected for their wisdom and feared for their strength. Over the ages, fear won over respect, and men betrayed and hunted down the mythical beasts whose corpses now litter the world. "Dragonslayers" were praised as heroes, while their victims were condemned as monsters. Rugarth and his family are the only dragons left in the world, on an island so cut off from it that they and the humans there live in peace.;Era;Era;;Era;;;;;;;;;x
EVTNAMEMYTH.1;Cursed!;Satanist;Satanist;;Satanist;;;;;;;;;x
EVTDESCMYTH.1;Ever since you insulted that shaman on the streets, you've been feeling deathly ill, and a hunger like none you've ever experienced...;Satanist;Satanist;;Satanist;;;;;;;;;x
EVTOPTAMYTH.1;Brains?;Satanist;Satanist;;Satanist;;;;;;;;;x
EVTNAMEMYTH.2;Form the Horde;Satanist;Satanist;;Satanist;;;;;;;;;x
EVTDESCMYTH.2;As you succumb to the hunger and lose your last ounce of humanity, you know that just as you led in life, so too shall you lead in death.;Satanist;Satanist;;Satanist;;;;;;;;;x
EVTOPTAMYTH.2;Glory to the Horde!;Satanist;Satanist;;Satanist;;;;;;;;;x
EVTNAMEMYTH.3;Faith Lost;Satanist;Satanist;;Satanist;;;;;;;;;x
EVTDESCMYTH.3;As the curse drains your mind, so too does it drain your faith. You find that you no longer believe in anything but whatever force brought you back from the grave.;Satanist;Satanist;;Satanist;;;;;;;;;x
EVTOPTAMYTH.3;The gods have no power here.;Satanist;Satanist;;Satanist;;;;;;;;;x
EVTNAMEMYTH.4;The Horde Grows;Satanist;Satanist;;Satanist;;;;;;;;;x
EVTDESCMYTH.4;With our recent success, the horde grows in size, and our enemies' dead rise up to join us.;Satanist;Satanist;;Satanist;;;;;;;;;x
EVTOPTAMYTH.4;Glory to the Horde!;Satanist;Satanist;;Satanist;;;;;;;;;x
EVTNAMEMYTH.5;Submit to the Horde.;Satanist;Satanist;;Satanist;;;;;;;;;x
EVTDESCMYTH.5;As your realm and your body crumbles to the plague, you join your join your strength to the all-consuming horde.;Satanist;Satanist;;Satanist;;;;;;;;;x
EVTOPTAMYTH.5;Glory to the Horde!;Satanist;Satanist;;Satanist;;;;;;;;;x
EVTNAMEMYTH.6;You Grow Stronger;Satanist;Satanist;;Satanist;;;;;;;;;x
EVTDESCMYTH.6;As an immortal, the long decades do not wear away at you, but instead make you healthier. You awaken today feeling wiser and stronger than ever before.;Satanist;Satanist;;Satanist;;;;;;;;;x
EVTOPTAMYTH.6;Excellent.;Satanist;Satanist;;Satanist;;;;;;;;;x
EVTNAMEMYTH.7;Potion Success;Satanist;Satanist;;Satanist;;;;;;;;;x
EVTDESCMYTH.7;Success! The potion worked marvelously, and your love life seems better already.;Satanist;Satanist;;Satanist;;;;;;;;;x
EVTOPTAMYTH.7;Excellent.;Satanist;Satanist;;Satanist;;;;;;;;;x
EVTNAMEMYTH.8;Potion Failure;Satanist;Satanist;;Satanist;;;;;;;;;x
EVTDESCMYTH.8;Failure! Not only has the potion failed to induce any romance, but it seems to have had some... unintended consequences.;Satanist;Satanist;;Satanist;;;;;;;;;x
EVTOPTAMYTH.8;Curses!;Satanist;Satanist;;Satanist;;;;;;;;;x
EVTNAMEMYTH.9;Alchemy Success;Satanist;Satanist;;Satanist;;;;;;;;;x
EVTDESCMYTH.9;Success! You have done what was thought to be impossible and turned iron into gold.;Satanist;Satanist;;Satanist;;;;;;;;;x
EVTOPTAMYTH.9;Marvellous!;Satanist;Satanist;;Satanist;;;;;;;;;x
EVTNAMEMYTH.10;Alchemy Failure;Satanist;Satanist;;Satanist;;;;;;;;;x
EVTDESCMYTH.10;You set out to turn iron into gold, but it seems you've somehow managed to turn all of the gold into iron.;Satanist;Satanist;;Satanist;;;;;;;;;x
EVTOPTAMYTH.10;Damn.;Satanist;Satanist;;Satanist;;;;;;;;;x
EVTNAMEMYTH.11;Summoning Success;Satanist;Satanist;;Satanist;;;;;;;;;x
EVTDESCMYTH.11;The ethereal army has arrived just as planned. Your other soldiers are somewhat ill at ease, but you simply tell them that the ghosts are their ancestors to put their fears to rest.;Satanist;Satanist;;Satanist;;;;;;;;;x
EVTOPTAMYTH.11;Excellent.;Satanist;Satanist;;Satanist;;;;;;;;;x
EVTNAMEMYTH.12;Summoning Failure;Satanist;Satanist;;Satanist;;;;;;;;;x
EVTDESCMYTH.12;The ethereal army was summoned successfully, but it seems to be fighting for the wrong side.;Satanist;Satanist;;Satanist;;;;;;;;;x
EVTOPTAMYTH.12;Oops.;Satanist;Satanist;;Satanist;;;;;;;;;x
EVTNAMEMYTH.13;Mysterious Ghost Army;Satanist;Satanist;;Satanist;;;;;;;;;x
EVTDESCMYTH.13;A strange army of what appears to be ghosts has materialized near your forces. At first your men were terrified, but they seem to be friendly.;Satanist;Satanist;;Satanist;;;;;;;;;x
EVTOPTAMYTH.13;Uhh... right, then.;Satanist;Satanist;;Satanist;;;;;;;;;x
EVTNAMEMYTH.14;Giant Emergence;Satanist;Satanist;;Satanist;;;;;;;;;x
EVTDESCMYTH.14;In your travels, you've noticed that everyone you meet outside your realm is incredibly tiny. Or perhaps you and your folk are just very large.;Satanist;Satanist;;Satanist;;;;;;;;;x
EVTOPTAMYTH.14;So much the better.;Satanist;Satanist;;Satanist;;;;;;;;;x
EVTNAMEMYTH.15;Plague Spreads;Satanist;Satanist;;Satanist;;;;;;;;;x
EVTDESCMYTH.15;As the horde spreads over your realm and you are finally defeated, you succumb to the plague yourself.;Satanist;Satanist;;Satanist;;;;;;;;;x
EVTOPTAMYTH.15;Truly, all is lost.;Satanist;Satanist;;Satanist;;;;;;;;;x
EVTNAMEMYTH.16;Spouse Ravaged;Satanist;Satanist;;Satanist;;;;;;;;;x
EVTDESCMYTH.16;In the bedchamber last night, you found yourself so excited that your more bestial side may have emerged for a moment.;Satanist;Satanist;;Satanist;;;;;;;;;x
EVTOPTAMYTH.16;Oh, it's just a scratch.;Satanist;Satanist;;Satanist;;;;;;;;;x
EVTNAMEMYTH.17;Spouse Turned;Satanist;Satanist;;Satanist;;;;;;;;;x
EVTDESCMYTH.17;In the bedchamber last night, you seemed to regain the desire of your younger days. Some biting may have been involved.;Satanist;Satanist;;Satanist;;;;;;;;;x
EVTOPTAMYTH.17;So much the better.;Satanist;Satanist;;Satanist;;;;;;;;;x
EVTNAMEMYTH.18;Peasant Revolt;Satanist;Satanist;;Satanist;;;;;;;;;x
EVTDESCMYTH.18;The filthy peasants are up in arms! They say they refuse to be ruled by a monster.;Satanist;Satanist;;Satanist;;;;;;;;;x
EVTOPTAMYTH.18;Damn them!;Satanist;Satanist;;Satanist;;;;;;;;;x
EVTNAMEMYTH.19;Revolt!;Satanist;Satanist;;Satanist;;;;;;;;;x
EVTDESCMYTH.19;The local peasants have revolted! They're outraged that our ruler is a savage monster.;Satanist;Satanist;;Satanist;;;;;;;;;x
EVTOPTAMYTH.19;Understandable.;Satanist;Satanist;;Satanist;;;;;;;;;x
EVTNAMEMYTH.20;Egyptian Tombs;Satanist;Satanist;;Satanist;;;;;;;;;x
EVTDESCMYTH.20;The Egyptians have many tombs in which they buried their ancestors. Tales say they buried many riches as well.;Satanist;Satanist;;Satanist;;;;;;;;;x
EVTOPTAMYTH.20;We must investigate.;Satanist;Satanist;;Satanist;;;;;;;;;x
EVTOPTBMYTH.20;We should not disturb these graves.;Satanist;Satanist;;Satanist;;;;;;;;;x
EVTNAMEMYTH.21;Expedition Lost;Satanist;Satanist;;Satanist;;;;;;;;;x
EVTDESCMYTH.21;It has been weeks since the explorers set out to the tombs in search of wealth, but they have not returned.;Satanist;Satanist;;Satanist;;;;;;;;;x
EVTOPTAMYTH.21;We must have this treasure!;Satanist;Satanist;;Satanist;;;;;;;;;x
EVTOPTBMYTH.21;Perhaps it would be best to leave it be.;Satanist;Satanist;;Satanist;;;;;;;;;x
EVTNAMEMYTH.22;Expedition Success;Satanist;Satanist;;Satanist;;;;;;;;;x
EVTDESCMYTH.22;Our explorers have returned, having plundered the Egyptian tombs and bringing with them as much gold as they could carry.;Satanist;Satanist;;Satanist;;;;;;;;;x
EVTOPTAMYTH.22;A worthwhile expedition.;Satanist;Satanist;;Satanist;;;;;;;;;x
EVTNAMEMYTH.23;Mummy Rising;Satanist;Satanist;;Satanist;;;;;;;;;x
EVTDESCMYTH.23;The new explorers were never heard from again, and in their place the very dead that occupied the tombs have risen to fight back!;Satanist;Satanist;;Satanist;;;;;;;;;x
EVTOPTAMYTH.23;Disaster!;Satanist;Satanist;;Satanist;;;;;;;;;x
EVTNAMEMYTH.24;Rameses Reborn;Satanist;Satanist;;Satanist;;;;;;;;;x
EVTDESCMYTH.24;After millenia of slumber, you have returned and taken back the kingdom that is rightfully yours.;Satanist;Satanist;;Satanist;;;;;;;;;x
EVTOPTAMYTH.24;As is only right.;Satanist;Satanist;;Satanist;;;;;;;;;x
EVTNAMEMYTH.25;Werewolf Limb Regeneration;Satanist;Satanist;;Satanist;;;;;;;;;x
EVTDESCMYTH.25;Though your crippling injury might have been fatal for normal men, for one of the wolf, even the worst of wounds heal with time.;Satanist;Satanist;;Satanist;;;;;;;;;x
EVTOPTAMYTH.25;Much better.;Satanist;Satanist;;Satanist;;;;;;;;;x
EVTNAMEMYTH.26;Immortal Wound Heals;Satanist;Satanist;;Satanist;;;;;;;;;x
EVTDESCMYTH.26;Common men may struggle with injuries for ages and remain scarred forever. An immortal such as yourself need not worry about such things.;Satanist;Satanist;;Satanist;;;;;;;;;x
EVTOPTAMYTH.26;So much the better.;Satanist;Satanist;;Satanist;;;;;;;;;x
EVTNAMEMYTH.27;Werewolf Eats Prisoner;Satanist;Satanist;;Satanist;;;;;;;;;x
EVTDESCMYTH.27;Last night was a full moon, and though you tried to restrain yourself, you became the wolf again and broke free of your chambers. While you don't remember exactly what happened, you fear your court is a head smaller today.;Satanist;Satanist;;Satanist;;;;;;;;;x
EVTOPTAMYTH.27;Acknowledge your mistake and apologize.;Satanist;Satanist;;Satanist;;;;;;;;;x
EVTOPTBMYTH.27;Cover it up.;Satanist;Satanist;;Satanist;;;;;;;;;x
EVTNAMEMYTH.28;The Search for Solomon;Satanist;Satanist;;Satanist;;;;;;;;;x
EVTDESCMYTH.28;Legends say that the great king Solomon once held a powerful ring that allowed him great powers. Some say he could even command a legion of djinn to do his bidding. The man who possessed this ring would be powerful indeed.;Satanist;Satanist;;Satanist;;;;;;;;;x
EVTOPTAMYTH.28;We must have it!;Satanist;Satanist;;Satanist;;;;;;;;;x
EVTOPTBMYTH.28;Meaningless superstition.;Satanist;Satanist;;Satanist;;;;;;;;;x
EVTNAMEMYTH.29;Seal of Solomon not Found;Satanist;Satanist;;Satanist;;;;;;;;;x
EVTDESCMYTH.29;Despite your men's best efforts, no sign has yet been uncovered of this powerful ring of Solomon. Some doubt it even exists.;Satanist;Satanist;;Satanist;;;;;;;;;x
EVTOPTAMYTH.29;Try harder!;Satanist;Satanist;;Satanist;;;;;;;;;x
EVTOPTBMYTH.29;Oh well...;Satanist;Satanist;;Satanist;;;;;;;;;x
EVTNAMEMYTH.30;Seal of Solomon;Satanist;Satanist;;Satanist;;;;;;;;;x
EVTDESCMYTH.30;At last! Your men return from their quest and hand you the legendary Seal of Solomon. As you place it on your finger, you know that your kingdom's power will know no bounds.;Satanist;Satanist;;Satanist;;;;;;;;;x
EVTOPTAMYTH.30;Glorious!;Satanist;Satanist;;Satanist;;;;;;;;;x
EVTNAMEMYTH.31;Djinni Powers Awaken;Satanist;Satanist;;Satanist;;;;;;;;;x
EVTDESCMYTH.31;As one of the Djinn, you excell in what mortal men would call magic. While some such men dabble in these arts, your powers go beyond what they will ever achieve.;Satanist;Satanist;;Satanist;;;;;;;;;x
EVTOPTAMYTH.31;Indeed.;Satanist;Satanist;;Satanist;;;;;;;;;x
EVTNAMEMYTH.32;Immortal Wound Heals;Satanist;Satanist;;Satanist;;;;;;;;;x
EVTDESCMYTH.32;Common men may struggle with weakness and remain feeble forever. An immortal such as yourself need not worry about such things.;Satanist;Satanist;;Satanist;;;;;;;;;x
EVTOPTAMYTH.32;So much the better.;Satanist;Satanist;;Satanist;;;;;;;;;x
EVTNAMEMYTH.33;Immortal Wound Heals;Satanist;Satanist;;Satanist;;;;;;;;;x
EVTDESCMYTH.33;Your mind had grown weak, and lesser men said it would last forever. As an immortal, you know that nothing is eternal... except perhaps yourself.;Satanist;Satanist;;Satanist;;;;;;;;;x
EVTOPTAMYTH.33;Much better.;Satanist;Satanist;;Satanist;;;;;;;;;x
EVTNAMEMYTH.34;Half-Giant;Satanist;Satanist;;Satanist;;;;;;;;;x
EVTDESCMYTH.34;You realize upon reflection that your parents are of dramatically different heights, and find yourself somewhere in between.;Satanist;Satanist;;Satanist;;;;;;;;;x
EVTOPTAMYTH.34;Oh well.;Satanist;Satanist;;Satanist;;;;;;;;;x
EVTNAMEMYTH.35;Fledgling;Satanist;Satanist;;Satanist;;;;;;;;;x
EVTDESCMYTH.35;As your sire was, so too shall you be. You may not be as powerful for now, but you will be a true vampire in time.;Satanist;Satanist;;Satanist;;;;;;;;;x
EVTOPTAMYTH.35;Indeed.;Satanist;Satanist;;Satanist;;;;;;;;;x
EVTNAMEMYTH.36;Fledgling grows.;Satanist;Satanist;;Satanist;;;;;;;;;x
EVTDESCMYTH.36;As you reach maturity, so too do your powers. You are now a true vampire.;Satanist;Satanist;;Satanist;;;;;;;;;x
EVTOPTAMYTH.36;Excellent.;Satanist;Satanist;;Satanist;;;;;;;;;x
EVTNAMEMYTH.37;Pup;Satanist;Satanist;;Satanist;;;;;;;;;x
EVTDESCMYTH.37;As your sire was, so too shall you be. You may not be as powerful for now, but you will be a true werewolf in time.;Satanist;Satanist;;Satanist;;;;;;;;;x
EVTOPTAMYTH.37;Indeed.;Satanist;Satanist;;Satanist;;;;;;;;;x
EVTNAMEMYTH.38;Pup grows.;Satanist;Satanist;;Satanist;;;;;;;;;x
EVTDESCMYTH.38;As you reach maturity, so too do your powers. You are now a true werewolf.;Satanist;Satanist;;Satanist;;;;;;;;;x
EVTOPTAMYTH.38;Excellent.;Satanist;Satanist;;Satanist;;;;;;;;;x
EVTNAMEMYTH.39;Son of Solomon;Satanist;Satanist;;Satanist;;;;;;;;;x
EVTDESCMYTH.39;You now lead Solomon's Legion, and can truly call yourself as great as King Solomon himself.;Satanist;Satanist;;Satanist;;;;;;;;;x
EVTOPTAMYTH.39;Glorious!;Satanist;Satanist;;Satanist;;;;;;;;;x
EVTNAMEMYTH.40;Solomon's Legion Lost;Satanist;Satanist;;Satanist;;;;;;;;;x
EVTDESCMYTH.40;You have lost control of Solomon's Legion, and all of the prestige that goes with it.;Satanist;Satanist;;Satanist;;;;;;;;;x
EVTOPTAMYTH.40;Damn.;Satanist;Satanist;;Satanist;;;;;;;;;x
EVTNAMEMYTH.41;Rumors of the Stone;Satanist;Satanist;;Satanist;;;;;;;;;x
EVTDESCMYTH.41;With your recent successes in alchemy, you've gained an interest in the legendary Philosopher's Stone. It is said that it not only allows easy transmutation, but can even make one immortal. While the secrets to crafting it have long been lost, rumors have reached you of fragments buried with long-dead wizards. With enough of these, you could re-forge a whole Stone.;Satanist;Satanist;;Satanist;;;;;;;;;x
EVTOPTAMYTH.41;I must have it!;Satanist;Satanist;;Satanist;;;;;;;;;x
EVTOPTBMYTH.41;A mere old superstition.;Satanist;Satanist;;Satanist;;;;;;;;;x
EVTNAMEMYTH.42;Stone Not Found;Satanist;Satanist;;Satanist;;;;;;;;;x
EVTDESCMYTH.42;Your men have returned empty-handed. The graves they dug up were filled only with useless relics and bones.;Satanist;Satanist;;Satanist;;;;;;;;;x
EVTOPTAMYTH.42;Search harder!;Satanist;Satanist;;Satanist;;;;;;;;;x
EVTOPTBMYTH.42;Perhaps it is a waste of time.;Satanist;Satanist;;Satanist;;;;;;;;;x
EVTNAMEMYTH.43;Stone Found;Satanist;Satanist;;Satanist;;;;;;;;;x
EVTDESCMYTH.43;Success! Your men returned with enough pieces of the material that you were able to assemble the Philosopher's Stone. As you first hold it in your hands, you know that untold wealth and power will be yours for all time.;Satanist;Satanist;;Satanist;;;;;;;;;x
EVTOPTAMYTH.43;Glorious!;Satanist;Satanist;;Satanist;;;;;;;;;x
EVTNAMEMYTH.44;Religious Conversion;Satanist;Satanist;;Satanist;;;;;;;;;x
EVTDESCMYTH.44;The spell was cast successfully, and already your errant followers begin to appreciate the true faith.;Satanist;Satanist;;Satanist;;;;;;;;;x
EVTOPTAMYTH.44;Excellent.;Satanist;Satanist;;Satanist;;;;;;;;;x
EVTNAMEMYTH.45;Satanists Expelled;Satanist;Satanist;;Satanist;;;;;;;;;x
EVTDESCMYTH.45;The devil-worshippers have been expelled from our holy realm. We hope to never see their kind again.;Satanist;Satanist;;Satanist;;;;;;;;;x
EVTOPTAMYTH.45;Good riddance.;Satanist;Satanist;;Satanist;;;;;;;;;x
EVTNAMEMYTH.46;The Knights of Helsing;Satanist;Satanist;;Satanist;;;;;;;;;x
EVTDESCMYTH.46;With the rise of ungodly monsters laying waste to the world, an increasing number of men loyal to the church have begun to organize against them. A Dutch scholar by the name of Van Helsing has founded an order of knights for these so called monster hunters, in the hopes that they might fight back against the growing hordes of demons.;Satanist;Satanist;;Satanist;;;;;;;;;x
EVTOPTAMYTH.46;Godspeed to them.;Satanist;Satanist;;Satanist;;;;;;;;;x
EVTNAMEMYTH.47;Monster Hunter;Satanist;Satanist;;Satanist;;;;;;;;;x
EVTDESCMYTH.47;After spending many weeks with your fellow knights training in ways to hunt the demons of the world, you feel you can truly call yourself a monster hunter.;Satanist;Satanist;;Satanist;;;;;;;;;x
EVTOPTAMYTH.47;I shall fear no evil.;Satanist;Satanist;;Satanist;;;;;;;;;x
EVTNAMEMYTH.48;Vampire Succession;Satanist;Satanist;;Satanist;;;;;;;;;x
EVTDESCMYTH.48;You have founded an empire of immortals, and named yourself Archsire as first among them. Henceforth, the oldest of the vampires shall rule them all.;Satanist;Satanist;;Satanist;;;;;;;;;x
EVTOPTAMYTH.48;It is only fitting.;Satanist;Satanist;;Satanist;;;;;;;;;x
EVTNAMEMYTH.49;Werewolf Challenge;Satanist;Satanist;;Satanist;;;;;;;;;x
EVTDESCMYTH.49;One of your subjects, an arrogant pup who thinks himself strong, has dared to challenge you in single combat for rule of the wolves. The duel is to the death, but refusing it would make you seem a coward.;Satanist;Satanist;;Satanist;;;;;;;;;x
EVTOPTAMYTH.49;Of course I must accept!;Satanist;Satanist;;Satanist;;;;;;;;;x
EVTOPTBMYTH.49;But I might actually lose...;Satanist;Satanist;;Satanist;;;;;;;;;x
EVTNAMEMYTH.50;Challenge Accepted;Satanist;Satanist;;Satanist;;;;;;;;;x
EVTDESCMYTH.50;As expected, your liege has accepted your challenge. You will battle him in two weeks time.;Satanist;Satanist;;Satanist;;;;;;;;;x
EVTOPTAMYTH.50;He will die like the dog he is.;Satanist;Satanist;;Satanist;;;;;;;;;x
EVTNAMEMYTH.51;Challenge Refused;Satanist;Satanist;;Satanist;;;;;;;;;x
EVTDESCMYTH.51;Your liege has refused your right to challenge him, dishonoring himself in the process.;Satanist;Satanist;;Satanist;;;;;;;;;x
EVTOPTAMYTH.51;That coward will pay for this!;Satanist;Satanist;;Satanist;;;;;;;;;x
EVTNAMEMYTH.52;Werewolf Challenge;Satanist;Satanist;;Satanist;;;;;;;;;x
EVTDESCMYTH.52;The duel begins at sunset. You and your opponent shift forms as the moon rises over the night sky, both knowing that only one will see tomorrow.;Satanist;Satanist;;Satanist;;;;;;;;;x
EVTOPTAMYTH.52;Strike hard and fast.;Satanist;Satanist;;Satanist;;;;;;;;;x
EVTOPTBMYTH.52;Pause, and wait for your opponent to move.;Satanist;Satanist;;Satanist;;;;;;;;;x
EVTNAMEMYTH.53;Werewolf Challenge;Satanist;Satanist;;Satanist;;;;;;;;;x
EVTDESCMYTH.53;Your opponent lunges at you quickly, and you move to deflect the strike. Too late, you realize that the attack was a feint, and you soon find sharp teeth in your neck. You are flung to the ground, bleeding badly and unable to retaliate any longer.;Satanist;Satanist;;Satanist;;;;;;;;;x
EVTOPTAMYTH.53;This is the end, then.;Satanist;Satanist;;Satanist;;;;;;;;;x
EVTNAMEMYTH.54;Werewolf Challenge;Satanist;Satanist;;Satanist;;;;;;;;;x
EVTDESCMYTH.54;Your opponent lunges at you quickly but hastily. You deftly deflect the attack, and send him several paces behind you with his own momentum, giving you a chance to strike back.;Satanist;Satanist;;Satanist;;;;;;;;;x
EVTOPTAMYTH.54;Strike hard and fast.;Satanist;Satanist;;Satanist;;;;;;;;;x
EVTOPTBMYTH.54;Pause, and wait for your opponent to move.;Satanist;Satanist;;Satanist;;;;;;;;;x
EVTNAMEMYTH.55;Werewolf Challenge;Satanist;Satanist;;Satanist;;;;;;;;;x
EVTDESCMYTH.55;Your opponent pauses in the combat, awaiting your move.;Satanist;Satanist;;Satanist;;;;;;;;;x
EVTOPTAMYTH.55;Take advantage of his hesitation.;Satanist;Satanist;;Satanist;;;;;;;;;x
EVTOPTBMYTH.55;Wait for him to strike first.;Satanist;Satanist;;Satanist;;;;;;;;;x
EVTNAMEMYTH.56;Werewolf Challenge;Satanist;Satanist;;Satanist;;;;;;;;;x
EVTDESCMYTH.56;Your attack was successful! You tear out half of your opponent's throat in a lunge at his neck, and he now lies defeated and bleeding heavily beneath you.;Satanist;Satanist;;Satanist;;;;;;;;;x
EVTOPTAMYTH.56;Finish it.;Satanist;Satanist;;Satanist;;;;;;;;;x
EVTNAMEMYTH.57;Werewolf Challenge;Satanist;Satanist;;Satanist;;;;;;;;;x
EVTDESCMYTH.57;Your opponent has defeated you utterly, and deals you the killing blow as you are helpless to resist.;Satanist;Satanist;;Satanist;;;;;;;;;x
EVTOPTAMYTH.57;It was a battle worthy of the greatest of warriors.;Satanist;Satanist;;Satanist;;;;;;;;;x
EVTNAMEMYTH.58;Godhood;Satanist;Satanist;;Satanist;;;;;;;;;x
EVTDESCMYTH.58;Your parents are gods, and so shall you be.;Satanist;Satanist;;Satanist;;;;;;;;;x
EVTOPTAMYTH.58;Excellent.;Satanist;Satanist;;Satanist;;;;;;;;;x
EVTNAMEMYTH.59;Demi-godhood.;Satanist;Satanist;;Satanist;;;;;;;;;x
EVTDESCMYTH.59;As you grow older, you realize that you are different from other children: stronger, faster, and even wiser. You wonder why this is, but try not to question your gifts too heavily.;Satanist;Satanist;;Satanist;;;;;;;;;x
EVTOPTAMYTH.59;Perhaps I am more than a man...;Satanist;Satanist;;Satanist;;;;;;;;;x
EVTNAMEMYTH.60;Wife Impregnated by Zeus;Satanist;Satanist;;Satanist;;;;;;;;;x
EVTDESCMYTH.60;Your wife has told you a strange tale. She recounts how last night as she was going for a walk, a beautiful swan appeared to her. Unable to resist its charms, she spent the night in its embrace.;Satanist;Satanist;;Satanist;;;;;;;;;x
EVTOPTAMYTH.60;... What?!;Satanist;Satanist;;Satanist;;;;;;;;;x
EVTNAMEMYTH.61;Wife Impregnated by Zeus;Satanist;Satanist;;Satanist;;;;;;;;;x
EVTDESCMYTH.61;You recall a strange dream last night in which a beautiful swan appeared to you and seduce you. Of course, you pass off this dream as mere nonsense.;Satanist;Satanist;;Satanist;;;;;;;;;x
EVTOPTAMYTH.61;Still, how strange.;Satanist;Satanist;;Satanist;;;;;;;;;x
EVTNAMEMYTH.62;Quest Begins;Satanist;Satanist;;Satanist;;;;;;;;;x
EVTDESCMYTH.62;You have assembled your party and made all preparations. Now you need only decide to where your quest will take you.;Satanist;Satanist;;Satanist;;;;;;;;;x
EVTOPTAMYTH.62;I shall seek the golden fleece.;Satanist;Satanist;;Satanist;;;;;;;;;x
EVTOPTBMYTH.62;I shall slay the legendary gorgon, Medusa.;Satanist;Satanist;;Satanist;;;;;;;;;x
EVTOPTCMYTH.62;On second thought, these quests sound dangerous.;Satanist;Satanist;;Satanist;;;;;;;;;x
EVTNAMEMYTH.63;Fleece 1;Satanist;Satanist;;Satanist;;;;;;;;;x
EVTDESCMYTH.63;You have followed rumors of the fleece to a remote land across the Black Sea. An old man, claiming to be king in these lands, tells you that he posesses it, and will give it to you only if you should pass three arduous trials, any of which may claim your life.;Satanist;Satanist;;Satanist;;;;;;;;;x
EVTOPTAMYTH.63;Bring on your trials, sir.;Satanist;Satanist;;Satanist;;;;;;;;;x
EVTOPTBMYTH.63;These trials sound dangerous...;Satanist;Satanist;;Satanist;;;;;;;;;x
EVTNAMEMYTH.64;Fleece Oxen;Satanist;Satanist;;Satanist;;;;;;;;;x
EVTDESCMYTH.64;You arrive at the first of your trials, where you are told you must plow a field. You rejoice at the trial's ease when you see two oxen ready to pull your plow, until you realize that the oxen are ablaze with magical fire.;Satanist;Satanist;;Satanist;;;;;;;;;x
EVTOPTAMYTH.64;I must tame these unholy beasts!;Satanist;Satanist;;Satanist;;;;;;;;;x
EVTNAMEMYTH.65;Fleece Army;Satanist;Satanist;;Satanist;;;;;;;;;x
EVTDESCMYTH.65;You return from the field, singed but alive. The old man tells you that you must now sow the same field, and hands you what he claims are dragon's teeth to sow. Reluctantly, you spread them throughout the field. To your horror, an army of soldiers soon sprouts from the ground and moves against you.;Satanist;Satanist;;Satanist;;;;;;;;;x
EVTOPTAMYTH.65;To arms, men! We must repel these demons!;Satanist;Satanist;;Satanist;;;;;;;;;x
EVTOPTBMYTH.65;Cast a stone amongst them to confuse the host.;Satanist;Satanist;;Satanist;;;;;;;;;x
EVTNAMEMYTH.66;Fleece Dragon;Satanist;Satanist;;Satanist;;;;;;;;;x
EVTDESCMYTH.66;The battle was fierce, but you eventually emerge victorious. The old man, who you've come to resent, takes you to a large cave and tells you that the fleece awaits within. You enter, and find that he speaks the truth... but a dragon stands guard in front of it.;Satanist;Satanist;;Satanist;;;;;;;;;x
EVTOPTAMYTH.66;Attempt to steal the fleece from the dragon.;Satanist;Satanist;;Satanist;;;;;;;;;x
EVTOPTBMYTH.66;Persuade the dragon that you are a worthy bearer of the fleece.;Satanist;Satanist;;Satanist;;;;;;;;;x
EVTNAMEMYTH.67;Fleece Dragon2;Satanist;Satanist;;Satanist;;;;;;;;;x
EVTDESCMYTH.67;Your stone causes chaos among the ranks of your enemy, causing them to turn on one another. You make quick work of those that remain. The old man takes you to a large cave and tells you that the fleece awaits within. You enter, and find that he speaks the truth... but a dragon stands guard in front of it.;Satanist;Satanist;;Satanist;;;;;;;;;x
EVTOPTAMYTH.67;Attempt to steal the fleece from the dragon.;Satanist;Satanist;;Satanist;;;;;;;;;x
EVTOPTBMYTH.67;Persuade the dragon that you are a worthy bearer of the fleece.;Satanist;Satanist;;Satanist;;;;;;;;;x
EVTNAMEMYTH.68;Fleece Success 1;Satanist;Satanist;;Satanist;;;;;;;;;x
EVTDESCMYTH.68;As if the burns from the oxen weren't enough, the dragonfire stings hot as you quickly snatch the fleece and flee the cave. You are victorious, though some of your men were not so lucky.;Satanist;Satanist;;Satanist;;;;;;;;;x
EVTOPTAMYTH.68;A glorious victory.;Satanist;Satanist;;Satanist;;;;;;;;;x
EVTNAMEMYTH.69;Fleece Victory 2;Satanist;Satanist;;Satanist;;;;;;;;;x
EVTDESCMYTH.69;You speak with the dragon for hours, discussing many topics and even enjoying yourself in the process. Night has fallen when the dragon decides that you are indeed worthy of the fleece, which it hands to you and bids you good fortune.;Satanist;Satanist;;Satanist;;;;;;;;;x
EVTOPTAMYTH.69;The fleece is mine at last.;Satanist;Satanist;;Satanist;;;;;;;;;x
EVTNAMEMYTH.70;Medusa 1;Satanist;Satanist;;Satanist;;;;;;;;;x
EVTDESCMYTH.70;You arrive at the supposed location of Medusa, a hideous gorgon whose very gaze is said to turn men to stone.;Satanist;Satanist;;Satanist;;;;;;;;;x
EVTOPTAMYTH.70;This beast cannot be suffered to live.;Satanist;Satanist;;Satanist;;;;;;;;;x
EVTOPTBMYTH.70;On second thought, it sounds like a frightening creature.;Satanist;Satanist;;Satanist;;;;;;;;;x
EVTNAMEMYTH.71;Medusa 2;Satanist;Satanist;;Satanist;;;;;;;;;x
EVTDESCMYTH.71;You enter the beast's lair, and see evidence of its horrible powers. Unbelivably life-like statutes of men litter the cavern, and reflective steel lines several walls, perhaps to allow the beast to find its prey more easily. You see movement on the far side of the room.;Satanist;Satanist;;Satanist;;;;;;;;;x
EVTOPTAMYTH.71;Close your eyes and attempt to fight the beast.;Satanist;Satanist;;Satanist;;;;;;;;;x
EVTOPTBMYTH.71;Use the mirrored walls to fight the beast without looking directly at it.;Satanist;Satanist;;Satanist;;;;;;;;;x
EVTNAMEMYTH.72;Medusa 3;Satanist;Satanist;;Satanist;;;;;;;;;x
EVTDESCMYTH.72;The fight is difficult without the benefit of your sight, but you eventually succeed in killing the hideous gorgon. You take its head as a prize, careful not to look at it while you do so.;Satanist;Satanist;;Satanist;;;;;;;;;x
EVTOPTAMYTH.72;Another fell beast removed from the world.;Satanist;Satanist;;Satanist;;;;;;;;;x
EVTNAMEMYTH.73;Medusa 4;Satanist;Satanist;;Satanist;;;;;;;;;x
EVTDESCMYTH.73;Using the walls, you find the monster stalking you from behind a pillar. Remarkably, it doesn't seem to notice the same technique, and you surprise it, severing its head in a single blow. Careful not to meet even its dead gaze, you take the head as a trophy.;Satanist;Satanist;;Satanist;;;;;;;;;x
EVTOPTAMYTH.73;A glorious victory.;Satanist;Satanist;;Satanist;;;;;;;;;x
EVTNAMEMYTH.74;Zeus 2;Satanist;Satanist;;Satanist;;;;;;;;;x
EVTDESCMYTH.74;You had your fun last night, but it may not be without consequence.;Satanist;Satanist;;Satanist;;;;;;;;;x
EVTOPTAMYTH.74;Oh well.;Satanist;Satanist;;Satanist;;;;;;;;;x
EVTNAMEMYTH.75;Zeus 1;Satanist;Satanist;;Satanist;;;;;;;;;x
EVTDESCMYTH.75;It has been a long time since you indulged your carnal desires. You decide to head down to the realm of mortals for some fun.;Satanist;Satanist;;Satanist;;;;;;;;;x
EVTOPTAMYTH.75;OK;Satanist;Satanist;;Satanist;;;;;;;;;x
EVTNAMEMYTH.76;Dragon Emergence;Satanist;Satanist;;Satanist;;;;;;;;;x
EVTDESCMYTH.76;You are a dragon.;Satanist;Satanist;;Satanist;;;;;;;;;x
EVTOPTAMYTH.76;OK;Satanist;Satanist;;Satanist;;;;;;;;;x
EVTNAMEMYTH.77;Dragonborn Emergence;Satanist;Satanist;;Satanist;;;;;;;;;x
EVTDESCMYTH.77;Only one of your parents is a dragon, so you get to be dragonborn.;Satanist;Satanist;;Satanist;;;;;;;;;x
EVTOPTAMYTH.77;OK;Satanist;Satanist;;Satanist;;;;;;;;;x
EVTNAMEMYTH.78;Dragon Angers Locals;Satanist;Satanist;;Satanist;;;;;;;;;x
EVTDESCMYTH.78;Some local human peasants have come to you complaining that you've been flying around eating their farm animals and burning their lands. You try to explain that no dragon could be expected not to do these things, but they don't seem convinced.;Satanist;Satanist;;Satanist;;;;;;;;;x
EVTOPTAMYTH.78;Pay them off.;Satanist;Satanist;;Satanist;;;;;;;;;x
EVTOPTBMYTH.78;Ignore them.;Satanist;Satanist;;Satanist;;;;;;;;;x
EVTOPTCMYTH.78;Assure them that you'll try to be more prudent in the future.;Satanist;Satanist;;Satanist;;;;;;;;;x
EVTNAMEMYTH.79;Small Hoard;Satanist;Satanist;;Satanist;;;;;;;;;x
EVTDESCMYTH.79;You've noticed that your hoard of wealth is meager even by human standards, and this ill-befits a dragon such as yourself. ;Satanist;Satanist;;Satanist;;;;;;;;;x
EVTOPTAMYTH.79;Exact a special tax on your vassals.;Satanist;Satanist;;Satanist;;;;;;;;;x
EVTOPTBMYTH.79;Reevaluate your realm's expenses.;Satanist;Satanist;;Satanist;;;;;;;;;x
EVTOPTCMYTH.79;Accept your poverty for now.;Satanist;Satanist;;Satanist;;;;;;;;;x
EVTNAMEMYTH.80;Offer of Vampirism;Satanist;Satanist;;Satanist;;;;;;;;;x
EVTDESCMYTH.80;You've received a strange letter from [From.GetTitledFirstName] in which he claims to be an immortal and powerful vampire. Stranger still, the letter contains an offer to share this "gift!";Satanist;Satanist;;Satanist;;;;;;;;;x
EVTOPTAMYTH.80;Why of course!;Satanist;Satanist;;Satanist;;;;;;;;;x
EVTOPTBMYTH.80;Politely decline.;Satanist;Satanist;;Satanist;;;;;;;;;x
EVTOPTCMYTH.80;This is heresy!;Satanist;Satanist;;Satanist;;;;;;;;;x
EVTNAMEMYTH.81;Offer of Vampirism Accepted;Satanist;Satanist;;Satanist;;;;;;;;;x
EVTDESCMYTH.81;[From.GetTitledFirstName] has returned your offer and gladly accepts it.;Satanist;Satanist;;Satanist;;;;;;;;;x
EVTOPTAMYTH.81;Bring [From.GetTitledFirstName] into the fold.;Satanist;Satanist;;Satanist;;;;;;;;;x
EVTOPTBMYTH.81;Give [From.GetTitledFirstName] the gift alone.;Satanist;Satanist;;Satanist;;;;;;;;;x
EVTNAMEMYTH.82;Offer of Vampirism Declined;Satanist;Satanist;;Satanist;;;;;;;;;x
EVTDESCMYTH.82;[From.GetTitledFirstName] has returned your offer along with a regretful decline.;Satanist;Satanist;;Satanist;;;;;;;;;x
EVTOPTAMYTH.82;They don't know what they're missing.;Satanist;Satanist;;Satanist;;;;;;;;;x
EVTNAMEMYTH.83;Offer of Vampirism Declined 2;Satanist;Satanist;;Satanist;;;;;;;;;x
EVTDESCMYTH.83;[From.GetTitledFirstName] has returned your offer along with vehement scorn and plans to expose you as a monster to the world!;Satanist;Satanist;;Satanist;;;;;;;;;x
EVTOPTAMYTH.83;Damn!;Satanist;Satanist;;Satanist;;;;;;;;;x
EVTNAMEMYTH.84;Offer of Lycanthropy;Satanist;Satanist;;Satanist;;;;;;;;;x
EVTDESCMYTH.84;You've received a strange letter from [From.GetTitledFirstName] in which he claims to be an immortal and powerful werewolf (whatever that is). Stranger still, the letter contains an offer to share this "gift!";Satanist;Satanist;;Satanist;;;;;;;;;x
EVTOPTAMYTH.84;Why of course!;Satanist;Satanist;;Satanist;;;;;;;;;x
EVTOPTBMYTH.84;Politely decline.;Satanist;Satanist;;Satanist;;;;;;;;;x
EVTOPTCMYTH.84;This is heresy!;Satanist;Satanist;;Satanist;;;;;;;;;x
EVTNAMEMYTH.85;Offer of Lycanthropy Accepted;Satanist;Satanist;;Satanist;;;;;;;;;x
EVTDESCMYTH.85;[From.GetTitledFirstName] has returned your offer and gladly accepts it.;Satanist;Satanist;;Satanist;;;;;;;;;x
EVTOPTAMYTH.85;Excellent.;Satanist;Satanist;;Satanist;;;;;;;;;x
EVTNAMEMYTH.86;Offer of Lycanthropy Declined;Satanist;Satanist;;Satanist;;;;;;;;;x
EVTDESCMYTH.86;[From.GetTitledFirstName] has returned your offer along with a regretful decline.;Satanist;Satanist;;Satanist;;;;;;;;;x
EVTOPTAMYTH.86;They don't know what they're missing.;Satanist;Satanist;;Satanist;;;;;;;;;x
EVTNAMEMYTH.87;Offer of Lycanthropy Declined 2;Satanist;Satanist;;Satanist;;;;;;;;;x
EVTDESCMYTH.87;[From.GetTitledFirstName] has returned your offer along with vehement scorn and plans to expose you as a monster to the world!;Satanist;Satanist;;Satanist;;;;;;;;;x
EVTOPTAMYTH.87;Damn!;Satanist;Satanist;;Satanist;;;;;;;;;x
EVTNAMEMYTH.88;You Grow Stronger;Satanist;Satanist;;Satanist;;;;;;;;;x
EVTDESCMYTH.88;As a werewolf, the long decades do not wear away at you, but instead make you healthier. You awaken today feeling wiser and stronger than ever before.;Satanist;Satanist;;Satanist;;;;;;;;;x
EVTOPTAMYTH.88;Excellent.;Satanist;Satanist;;Satanist;;;;;;;;;x
EVTNAMEMYTH.89;You Grow Stronger;Satanist;Satanist;;Satanist;;;;;;;;;x
EVTDESCMYTH.89;As a dragon, the long decades do not wear away at you, but instead make you healthier, and your long experience ruling shows over younger peers. You awaken today feeling wiser than ever before.;Satanist;Satanist;;Satanist;;;;;;;;;x
EVTOPTAMYTH.89;Excellent.;Satanist;Satanist;;Satanist;;;;;;;;;x
EVTNAMEMYTH.90;Blood of the Gods;Satanist;Satanist;;Satanist;;;;;;;;;x
EVTDESCMYTH.90;One of your parents was born of a god, and some part of that powerful blood flows on in you.;Satanist;Satanist;;Satanist;;;;;;;;;x
EVTOPTAMYTH.90;Excellent.;Satanist;Satanist;;Satanist;;;;;;;;;x
EVTNAMEMYTH.91;Province Exterminated;Satanist;Satanist;;Satanist;;;;;;;;;x
EVTDESCMYTH.91;Over the months since conquering this region, numerous civilians have resisted the horde. Now they have faded into obscurity, and most have been turned or wiped out.;Satanist;Satanist;;Satanist;;;;;;;;;x
EVTOPTAMYTH.91;Glory to the Horde!;Satanist;Satanist;;Satanist;;;;;;;;;x
EVTNAMEMYTH.92;Province Reclaimed;Satanist;Satanist;;Satanist;;;;;;;;;x
EVTDESCMYTH.92;In the months since retaking this province from the undead plague, your troops have worked hard to hunt down and exterminate any remnants of it. Finally you can claim some success, and braver colonists from your homeland have begun to move into the now-empty homes and castles here.;Satanist;Satanist;;Satanist;;;;;;;;;x
EVTOPTAMYTH.92;Excellent.;Satanist;Satanist;;Satanist;;;;;;;;;x
EVTNAMEMYTH.93;Zombie law change;Satanist;Satanist;;Satanist;;;;;;;;;x
EVTDESCMYTH.93;You lead an army of undead and there are no limits to your authority.;Satanist;Satanist;;Satanist;;;;;;;;;x
EVTOPTAMYTH.93;Excellent.;Satanist;Satanist;;Satanist;;;;;;;;;x
EVTNAMEMYTH.94;Familiar Decision;Satanist;Satanist;;Satanist;;;;;;;;;x
EVTDESCMYTH.94;You have spent much time honing your magical skills, but have realized that they could be taken even further. Summoning a familiar could raise your potential to new heights, though the process could be costly and time consuming.;Satanist;Satanist;;Satanist;;;;;;;;;x
EVTOPTAMYTH.94;Attempt to summon a dove.;Satanist;Satanist;;Satanist;;;;;;;;;x
EVTOPTBMYTH.94;Attempt to summon a wolf.;Satanist;Satanist;;Satanist;;;;;;;;;x
EVTOPTCMYTH.94;Attempt to summon a crow.;Satanist;Satanist;;Satanist;;;;;;;;;x
EVTOPTDMYTH.94;Attempt to summon a rat.;Satanist;Satanist;;Satanist;;;;;;;;;x
EVTOPTEMYTH.94;Attempt to summon an owl.;Satanist;Satanist;;Satanist;;;;;;;;;x
EVTOPTFMYTH.94;I can't afford this...;Satanist;Satanist;;Satanist;;;;;;;;;x
EVTNAMEMYTH.95;Familiar Result;Satanist;Satanist;;Satanist;;;;;;;;;x
EVTDESCMYTH.95;Your attempt to summon a familiar was a success! You now have a new magical companion to aid you.;Satanist;Satanist;;Satanist;;;;;;;;;x
EVTOPTAMYTH.95;Maybe I'll name it too...;Satanist;Satanist;;Satanist;;;;;;;;;x
EVTNAMEMYTH.96;Familiar Decision;Satanist;Satanist;;Satanist;;;;;;;;;x
EVTDESCMYTH.96;Your attempt to summon a familiar was a failure! Despite months of effort, you're left with nothing but a disturbing pile of mixed animal parts on your summoning table.;Satanist;Satanist;;Satanist;;;;;;;;;x
EVTOPTAMYTH.96;Uh... someone clean this up, please.;Satanist;Satanist;;Satanist;;;;;;;;;x
EVTNAMEMYTH.97;Disease Removal;Satanist;Satanist;;Satanist;;;;;;;;;x
EVTDESCMYTH.97;Lesser men may be ridden with disease, but your kind need not be bothered by such things.;Satanist;Satanist;;Satanist;;;;;;;;;x
EVTOPTAMYTH.97;Of course not.;Satanist;Satanist;;Satanist;;;;;;;;;x
EVTNAMEMYTH.98;Set Seduction for Zeus;Satanist;Satanist;;Satanist;;;;;;;;;x
EVTDESCMYTH.98;You are Zeus, God-King of Olympus, and you have achieved all anyone could dream of. Except perhaps a few more pleasures of Earthly flesh...;Satanist;Satanist;;Satanist;;;;;;;;;x
EVTOPTAMYTH.98;Why not?;Satanist;Satanist;;Satanist;;;;;;;;;x
EVTNAMEMYTH.99;Magical Upbringing Conclusion;Satanist;Satanist;;Satanist;;;;;;;;;x
EVTDESCAMYTH.99;You were trained in the art of magic from an early age, but it didn't go very well.;Satanist;Satanist;;Satanist;;;;;;;;;x
EVTDESCBMYTH.99;You were trained in the art of magic from an early age, and the effort was more or less successful.;Satanist;Satanist;;Satanist;;;;;;;;;x
EVTDESCCMYTH.99;You were trained in the art of magic from an early age, and it paid off well.;Satanist;Satanist;;Satanist;;;;;;;;;x
EVTDESCDMYTH.99;You were trained in the art of magic from an early age, and you excelled in every way.;Satanist;Satanist;;Satanist;;;;;;;;;x
EVTOPTAMYTH.99;Oh well.;Satanist;Satanist;;Satanist;;;;;;;;;x
EVTOPTBMYTH.99;Alright.;Satanist;Satanist;;Satanist;;;;;;;;;x
EVTOPTCMYTH.99;Good.;Satanist;Satanist;;Satanist;;;;;;;;;x
EVTOPTDMYTH.99;Excellent.;Satanist;Satanist;;Satanist;;;;;;;;;x