province;red;green;blue;name;x
1;170;57;57;Imperial Isle;x
2;190;40;40;Nikel;x
3;180;50;50;Aleswell;x
4;200;30;30;Caractacus;x
5;210;20;20;Urasek;x
6;220;10;10;Magia;x
7;230;0;0;Sejanus;x
8;160;65;65;Alessia;x
9;170;100;60;Variela;x
10;170;90;60;Bravil;x
11;170;110;50;Irony;x
12;190;180;110;Nomore;x
13;190;180;90;Leyawiin;x
14;190;180;70;Deepscorn;x
15;190;180;50;Redman;x
16;190;180;30;Veyond;x
17;190;180;10;Teleman;x
18;180;200;120;Flecia;x
19;180;200;110;Aurus;x
20;180;200;100;Dunstad;x
21;180;200;90;Facian;x
22;180;200;80;Entius;x
23;180;200;70;Karthspire;x
24;180;200;60;Redwater;x
25;210;160;150;Horunn;x
26;210;160;130;Chalman;x
27;210;160;120;Frostcrag;x
28;210;160;90;Toadstool;x
29;150;180;160;Jerall;x
30;150;180;150;Farragut;x
31;150;180;140;Cheydinhal;x
32;150;180;130;Naso;x
33;150;180;120;Scinia;x
34;220;85;130;Alftand;x
35;220;85;120;Roebeck;x
36;220;85;110;Blackboot;x
37;220;85;100;Vlastarus;x
38;220;85;90;Skingrad;x
39;220;85;80;Gottlesfont;x
40;200;180;200;Shorstone;x
41;200;180;180;Ash;x
42;200;180;160;Coldcorn;x
43;200;180;140;Sancre Tor;x
44;200;180;120;Rayles;x
45;200;180;100;Chorrol;x
46;190;220;200;Ontus;x
47;190;220;180;Dirich;x
48;190;220;160;Istirus;x
49;190;220;140;Kvatch;x
50;190;220;120;Linchal;x
51;250;250;150;Hastrel;x
52;250;250;140;Sutch;x
53;250;250;130;Crowhaven;x
54;255;255;120;Wariel;x
55;250;250;110;Ansilvund;x
56;255;255;110;Anvil;x
57;250;250;90;Bruma;x
58;100;75;80;Bitter Coast;x
59;100;75;70;Pelagiad;x
60;100;75;60;West Gash;x
61;100;75;50;Ashlands;x
62;100;75;40;Sheogorad;x
63;100;75;30;Grazelands;x
64;100;75;20;Azura's Coast;x
65;100;75;10;Molag Amur;x
66;90;110;100;Hirstaang;x
67;90;110;80;Moesring;x
68;90;110;60;Felsaad;x
69;250;250;120;Firsthold;x
70;250;250;100;Lillwood;x
71;250;250;80;Dusk;x
72;250;250;60;Sunhold;x
73;250;250;40;Alinor;x
74;250;250;20;Shimmerene;x
75;250;250;0;Cloudrest;x
76;250;240;0;Lillandril;x
77;255;100;0;Telvannis;x
78;255;100;10;Firewatch;x
79;255;100;20;Praloris;x
80;255;100;30;Alt Bosara;x
81;255;100;40;Dragonglade;x
82;255;100;50;Necrom;x
83;255;100;60;Darvon;x
84;255;100;70;Salen Vulgate;x
85;255;100;80;Bosmora;x
86;255;100;90;Aldsotha;x
87;255;100;100;Almalexia;x
88;255;100;110;Tear;x
89;255;100;120;Ebonheart;x
90;255;100;130;Olthrenis;x
91;255;100;140;Sotha Sil;x
92;255;100;150;Narsis;x
93;255;100;160;Andrethis;x
94;255;100;170;Kragenmoor;x
95;255;100;180;Balfalls;x
96;255;100;190;Bodrum;x
97;255;100;200;Omayni;x
98;255;100;210;Blacklight;x
99;255;100;220;Silgrad;x
100;255;100;230;Ganaris;x
101;255;100;240;Soluthis;x
102;50;150;0;Soulrest;x
103;50;150;10;Rock Grove;x
104;50;150;20;Stonewastes;x
105;50;150;30;Gideon;x
106;50;150;40;Glenbridge;x
107;50;150;50;Stormhold;x
108;50;150;60;Tenmar Wall;x
109;50;150;70;Helstrom;x
110;50;150;80;Thorn;x
111;50;150;90;Corimont;x
112;50;150;100;Riverwalk;x
113;50;150;110;Chasecreek;x
114;50;150;120;Branchmont;x
115;50;150;130;Seafalls;x
116;50;150;140;Archon;x
117;50;150;150;Rockpark;x
118;50;150;160;Lilmoth;x
119;50;150;170;Blackrose;x
120;50;150;180;Moonmarch;x
121;50;150;190;Murkwood;x
122;50;150;200;Rockspring;x
123;50;150;210;Greenspring;x
124;50;150;220;Markmont;x
125;50;150;230;Greenglade;x
126;50;150;240;Rockpoint;x
127;150;150;250;Riften;x
128;140;150;250;Bthalft;x
129;130;150;250;Ivarstead;x
130;120;150;250;Windhelm;x
131;110;150;250;Eastmarch;x
132;100;150;250;Winterhold;x
133;90;150;250;Winterwind;x
134;80;150;250;Falkreath;x
135;70;150;250;Helgen;x
136;60;150;250;Riverwood;x
137;50;150;250;Greymoor;x
138;40;150;250;Bannermist;x
139;30;150;250;Dawnstar;x
140;20;150;250;Scarstone;x
141;10;150;250;Whiterun;x
142;0;150;250;Morthal;x
143;0;160;250;Solitude;x
144;0;170;250;Northwatch;x
145;0;180;250;Dragon's Bridge;x
146;0;190;250;Volskygge;x
147;0;200;250;Karthwasten;x
148;0;210;250;Markarth;x
149;0;220;250;Reachcliff;x
150;0;230;250;Sungard;x
151;0;240;250;Rorikstead;x
152;250;50;120;Daggerfall;x
153;250;60;120;Ilessan;x
154;250;70;120;Anticlere;x
155;250;80;120;Urvaius;x
156;250;90;120;Bhoriane;x
157;250;100;120;Daenia;x
158;250;110;120;Dwynnen;x
159;250;120;120;Camlorn;x
160;250;130;120;Kambria;x
161;250;140;120;Koegria;x
162;250;150;120;Firebrand;x
163;250;160;120;Wayrest;x
164;250;170;120;Gauvadon;x
165;250;180;120;Northpoint;x
166;58;52;36;Ascadian Isles;x
167;250;190;120;Normar;x
168;250;200;120;Phrygias;x
169;250;210;120;Whitehaven;x
170;250;220;120;Darguard;x
171;250;230;120;Sharnhelm;x
172;250;240;120;Portdun;x
173;250;250;125;Markwasten;x
174;250;255;120;Jehenna;x
175;250;230;130;Farrun;x
176;250;230;140;Azra's Crossing;x
177;250;230;150;Evermore;x
178;250;230;160;Dunkarn;x
179;250;230;170;Ravenspring;x
180;250;230;180;Dunlain;x
181;120;150;50;Stros M'Kai;x
182;120;140;50;Hegathe;x
183;120;130;50;Roa;x
184;120;120;50;Sentinel;x
185;120;110;50;Gilane;x
186;120;100;50;Hew's Bane;x
187;120;90;50;Shady March;x
188;120;80;50;Lainlyn;x
189;120;70;50;Totambu;x
190;120;60;50;Rihad;x
191;120;50;50;Taneth;x
192;120;40;50;Roseguard;x
193;120;30;50;Elinhir;x
194;120;20;50;Stonemoor;x
195;120;10;50;Nimbel;x
196;120;0;50;Stonedale;x
197;120;0;60;Dragonstar;x
198;120;0;70;Belkarth;x
199;120;0;80;Thorstad;x
200;120;0;90;Karnver;x
201;120;0;100;Heldorn;x
202;120;0;110;Verkarth;x
203;120;0;120;Skaven;x
204;120;0;130;Riverpoint;x
205;120;0;140;Northall;x
206;120;0;150;Vulkneu;x
207;60;50;90;Zafirbel;x
208;175;180;25;Torval;x
209;175;170;25;Darvulk;x
210;175;160;25;Markgran;x
211;175;150;25;Senchal;x
212;175;140;25;Chasegrove;x
213;175;130;25;Portneu;x
214;175;120;25;Heimthor;x
215;175;110;25;Corinth;x
216;175;100;25;Blackheights;x
217;175;90;25;Mehmet;x
218;175;80;25;Alabaster;x
219;175;70;25;Duncori;x
220;175;60;25;Darkarn;x
221;175;50;25;Brukreich;x
222;175;40;25;Rimmen;x
223;175;30;25;Valleygard;x
224;175;20;25;Verkarth Hills;x
225;175;10;25;Dune;x
226;175;0;25;Cori Darglade;x
227;175;0;35;Tardorn;x
228;175;0;45;Orcrest;x
229;175;0;55;Ein Meirvale;x
230;175;0;65;Helkarn;x
231;175;0;75;Greenvale;x
232;175;0;85;Riverhold;x
233;175;0;95;Meir Lynmount;x
234;176;3;93;Glenpoint;x
235;177;4;94;Balfiera;x
236;50;145;50;Arenthia;x
237;40;145;50;Ebon Ro;x
238;30;145;50;Skyshroud;x
239;20;145;50;Stonefall;x
240;10;145;50;Vulkwasten;x
241;0;145;50;Silvenar;x
242;50;145;45;Emperor's Run;x
243;50;145;40;Bal Fall;x
244;50;145;30;Haven;x
245;50;145;20;Cormair;x
246;50;145;10;Southpoint;x
247;50;145;0;Eaglevale;x
248;35;145;50;Heimdar;x
249;25;145;50;Kathdar;x
250;15;145;50;Lympar;x
251;5;145;50;Wasten Brukbrook;x
252;15;145;15;Elden Root;x
253;25;145;15;Tarlain;x
254;35;145;15;Jathsogur;x
255;45;145;15;Marbruk;x
256;55;145;15;Falinesti;x
257;65;145;15;Longvale;x
258;75;145;15;Cori Silmoor;x
259;85;145;15;Gladdenpoint;x
260;95;145;15;Greenheart;x
261;105;145;15;Woodhearth;x
262;115;145;15;Bouldertree;x
263;125;145;15;Longhaven;x
264;135;145;15;Elden Grove;x
265;145;145;15;Diss;x
266;250;230;190;Cloud Spring;x
267;255;245;16;Westguard;x
268;255;235;16;Vulkhel;x
269;255;225;16;Karndar;x
270;255;215;16;King's Watch;x
271;255;205;16;Corgrad;x
272;255;195;16;Sea Keep;x
273;255;185;16;Ebon Stadmont;x
274;255;175;16;Riverfield;x
275;255;165;16;Riverwatch;x
276;255;155;16;Marnor;x
277;255;145;16;Glenview;x
278;255;135;16;Rosefield;x
279;255;125;16;Silverwood;x
280;255;115;16;Thorheim;x
281;255;105;16;Stirk;x
282;255;95;16;Strand;x
283;255;85;16;Hackdirt;x
284;255;75;16;Shardrock;x
285;255;65;16;Carmala;x
286;255;55;16;Nonwyll;x
287;255;45;16;Haynote;x
288;255;35;16;Brindlehome;x
289;255;25;16;Weye;x
290;255;15;16;Homestead;x
291;255;5;16;Harcane;x
292;255;0;16;Bulwark;x
293;255;5;23;Blackwood;x
294;255;15;23;Cedrian;x
295;255;25;23;Sundercliff;x
296;255;35;23;Harlun;x
297;255;45;23;Kingscrest;x
298;255;55;23;Cloudruler;x
299;255;65;23;Frostfire;x
300;255;75;23;Irmgard;x
301;255;85;23;Senardorn;x
302;255;95;23;Alcoa;x
303;255;105;23;Rkund;x
304;255;115;23;Forelhost;x
305;255;125;23;Nilheim;x
306;255;135;23;Mistwatch;x
307;255;145;23;Morvunskar;x
308;255;155;23;Amol;x
309;255;165;23;Fellhammer;x
310;255;175;23;Frostflow;x
311;255;185;23;Kastav;x
312;255;195;23;Ironbind;x
313;255;205;23;Saarthal;x
314;255;215;23;Ravenscar;x
315;255;225;23;Snowhawk;x
316;255;235;23;Hraggstad;x
317;255;245;23;Haalfingar;x
318;255;255;23;Highgate;x
319;0;23;255;Coldrock;x
320;10;23;255;Orotheim;x
321;20;23;255;Ustungrav;x
322;30;23;255;Skyborn;x
323;40;23;255;Eldersblood;x
324;50;23;255;Harmugstalh;x
325;60;23;255;Bleakwind;x
326;70;23;255;Sunderstone;x
327;80;23;255;Brittleshin Pass;x
328;90;23;255;Glenmoril;x
329;100;23;255;Neugrad;x
330;110;23;255;;x
331;120;23;255;Greywinter;x
332;130;23;255;Fellglow;x
333;140;23;255;Shearpoint;x
334;150;23;255;Korvanjund;x
335;160;23;255;Volunruud;x
336;170;23;255;Chasepoint;x
337;180;23;255;Blackmarsh;x
338;190;23;255;Rockguard;x
339;200;23;255;Felmarsh;x
340;210;23;255;Riverbridge;x
341;220;23;255;Padomeic;x
342;230;23;255;;x
343;240;23;255;Blackhaven;x
344;250;23;255;Seaspring;x
345;255;23;255;Meirhall;x
346;249;23;255;Shademarsh;x
347;248;23;255;Ald'Ruhn;x
348;247;23;255;Suran;x
349;246;23;255;Maar Gan;x
350;244;23;255;Tiguna;x
351;0;9;213;Pyrrahn;x
352;10;9;213;Arcantys;x
353;20;9;213;Bondar;x
354;30;9;213;Vallas;x
355;40;9;213;Kituna;x
356;50;9;213;Baga;x
357;60;9;213;Wega;x
358;70;9;213;Akuna;x
359;80;9;213;Abbarbas;x
360;90;9;213;Gaddu;x
361;100;9;213;Pontu;x
362;110;9;213;Etho Sul;x
363;120;9;213;Mantu;x
364;130;9;213;Banta;x
365;140;9;213;Secula;x
366;150;9;213;Acacyn;x
367;160;9;213;Cappado;x
368;170;9;213;Epiru;x
369;180;9;213;Omnia;x
370;190;9;213;Cato Ydur;x
371;200;9;213;Cormaris;x
372;210;9;213;Belemis;x
373;220;9;213;Varanis;x
374;230;9;213;Velothis;x
375;240;9;213;Thir;x
376;250;9;213;Ouada;x
377;255;9;213;Valus;x
378;213;9;250;Heimlyn;x
379;213;9;240;Deshaan;x
380;213;9;230;Silnion;x
381;213;9;220;Larsus;x
382;213;9;210;Kithendis;x
383;213;9;200;Severa;x
384;213;9;190;Omavel;x
385;213;9;180;Padomai;x
386;213;9;170;Old Keep;x
387;213;9;160;Serothan;x
388;213;9;150;Uveran;x
389;213;9;140;Muthada;x
390;213;9;130;Narrusa;x
391;213;9;120;Adurin;x
392;213;9;110;Mothriva;x
393;213;9;100;Ranyon-Ruhn;x
394;213;9;90;Oren;x
395;213;9;80;Uradas;x
396;213;9;70;Gar Sadrith;x
397;213;9;60;Sadas;x
398;213;9;50;Thenim;x
399;213;9;40;Lolthanis;x
400;213;9;30;Helnim;x
401;213;9;20;Sarvanni;x
402;213;9;10;Halaran;x
403;176;11;0;Quin'Rawl;x
404;176;11;10;Southsea;x
405;176;11;20;Eshita;x
406;176;11;30;Tenmar;x
407;176;11;40;Isthme;x
408;176;11;50;Potidae;x
409;176;11;60;Durres;x
410;176;11;70;Khajay;x
411;176;11;80;Ohmes;x
412;176;11;90;Cathay;x
413;176;11;100;Ne Quin-Al;x
414;176;11;110;The Badlands;x
415;176;11;120;Keirgo;x
416;176;11;130;Saimsil;x
417;176;11;140;Periandor;x
418;176;11;150;Sagos;x
419;176;11;160;Argolis;x
420;176;11;170;Dargan;x
421;176;11;180;Merick;x
422;176;11;190;Ikerran;x
423;176;11;200;Cronan;x
424;176;11;210;Ynisfall;x
425;176;11;220;Graymont;x
426;176;11;230;Shady Sands;x
427;176;11;240;Dragongrove;x
428;176;11;250;Sunkeep;x
429;176;11;255;Abidon;x
430;56;0;49;Rex;x
431;56;10;49;Lainebon;x
432;56;20;49;Hnas;x
433;56;30;49;Oran;x
434;56;40;49;Tigonus;x
435;56;50;49;Vulnim;x
436;56;60;49;Brena;x
437;56;70;49;Jandal;x
438;56;80;49;Saif;x
439;56;90;49;Hafar;x
440;56;100;49;Ahvaz;x
441;56;110;49;Djenne;x
442;56;120;49;Khael;x
443;56;130;49;Dragongate;x
444;56;140;49;Quey;x
445;56;150;49;Dragonwall;x
446;56;160;49;Lankhmar;x
447;56;170;49;Masad;x
448;56;180;49;Lankara;x
449;56;190;49;Santaki;x
450;56;200;49;Mournoth;x
451;56;210;49;Dragontail;x
452;56;220;49;Saray;x
453;56;230;49;Zahedann;x
454;56;240;49;Namien;x
455;56;250;49;Kamery;x
456;56;255;49;Garret;x
457;57;140;50;Abdir;x
458;94;73;0;Shalgora;x
459;94;73;10;Betony;x
460;94;73;20;Thorkan;x
461;94;73;30;Alcaire;x
462;94;73;40;Menevia;x
463;94;73;50;Bjoulsae;x
464;94;73;60;Northmoor;x
465;94;73;70;Penmarch;x
466;94;73;80;Ykalon;x
467;94;73;90;Orvault;x
468;94;73;100;Blain;x
469;94;73;110;Lorient;x
470;94;73;120;Wrothgarian;x
471;94;73;130;Old Gate;x
472;94;73;140;Dorven;x
473;94;73;150;Shieldwall;x
474;94;73;160;Castlejoy;x
475;94;73;170;Kathgran;x
476;94;73;180;Royan;x
477;94;73;190;Lesperon;x
478;94;73;200;Southisle;x
479;94;73;210;Alara;x
480;94;73;220;Llanowar;x
481;94;73;230;Arnor;x
482;94;73;240;Thornwall;x
483;94;73;250;Blackpark;x
484;94;73;255;Greenhall;x
485;76;81;0;Daresen;x
486;76;81;10;Valental;x
487;76;81;20;Wirewood;x
488;76;81;30;Timberwatch;x
489;76;81;40;Balsquare;x
490;76;81;50;Briarpatch;x
491;76;81;60;Moonglade;x
492;76;81;70;Quirion;x
493;76;81;80;Weatherseed;x
494;76;81;90;Thormar;x
495;76;81;100;Darkwatch;x
496;76;81;110;Willowind;x
497;76;81;120;Cormount;x
498;76;81;130;Vinewall;x
499;76;81;140;Eastwood;x
500;76;81;150;Nettleshin;x
501;76;81;160;Bramblewood;x
502;76;81;170;Vengevine;x
503;76;81;180;Gilverdale;x
504;76;81;190;Snapvine;x
505;18;0;52;Marbrook;x
506;18;10;52;Whiteguard;x
507;18;20;52;Graddun;x
508;18;30;52;King's Haven;x
509;18;40;52;Ebon Glen;x
510;18;50;52;Ironbark;x
511;18;60;52;Old Falls;x
512;18;70;52;Dragonpond;x
513;18;80;52;Mergrove;x
514;18;90;52;Deerhollow;x
515;18;100;52;Eldara;x
516;18;110;52;Sonnen;x
517;18;120;52;Vesilon;x
518;18;130;52;Kovelir;x
519;18;140;52;Galandra;x
520;18;150;52;Cliffwatch;x
521;18;160;52;Seamist;x
522;18;170;52;Northspring;x
523;18;180;52;Shatterwood;x
524;18;190;52;Archen Grangrove;x
525;0;123;4;Jaspet;x
526;10;123;4;Cespar;x
527;20;123;4;Herne;x
528;30;123;4;Topal;x
529;40;123;4;Veldspar;x
530;101;0;16;Wasten Coridale;x
531;101;10;16;Belport Run;x
532;101;20;16;Varro;x
533;101;30;16;Vos;x
534;101;40;16;Harrow Well;x
535;101;50;16;Carmar;x
536;101;60;16;Lochfort;x
537;101;70;16;Blackwater;x
538;101;80;16;Coldmoor;x
539;101;90;16;Dinab;x
540;101;100;16;Gondar;x
541;101;110;16;Ubuntu;x
542;101;120;16;Sahul;x
543;101;130;16;Hanar;x
544;101;140;16;Grimrock;x
545;101;150;16;Orlais;x
546;101;160;16;Aubigny;x
547;101;170;16;Rourken;x
548;101;180;16;Bloodhorn;x
549;101;190;16;Lagos;x
550;101;200;16;Pellame;x
551;101;210;16;Bogwraith;x
552;101;220;16;Marr;x
553;101;230;16;Shadowmarsh;x
554;101;240;16;Garthim;x
555;101;250;16;Marshwell;x
556;101;255;16;Middlemarch;x
557;101;245;16;Cambrian;x
558;101;235;16;Tulune;x
559;0;84;93;Rhanano;x
560;10;84;93;Ayasofya;x
561;20;84;93;Roukad;x
562;30;84;93;Wadathe;x
563;40;84;93;Matama;x
564;50;84;93;Aidhab;x
565;60;84;93;Hare's Cross;x
566;70;84;93;Haran;x
567;80;84;93;Agadem;x
568;90;84;93;Rimwatch;x
569;100;84;93;Garlas;x
570;110;84;93;Trumbe;x
571;120;84;93;Jodestone;x
572;130;84;93;Corinawl;x
573;140;84;93;Varus;x
574;150;84;93;Brittlerock;x
575;160;84;93;Dasekmoor;x
576;170;84;93;Miscarcand;x
577;180;84;93;Varondo;x
578;190;84;93;Cloudtop;x
579;200;84;93;Hrotanda;x
580;210;84;93;Shadow's Rest;x
581;220;84;93;Pale Pass;x
582;230;84;93;Underpall;x
583;240;84;93;Moranda;x
584;250;84;93;Glademist;x
585;255;84;93;Yellowtick;x
586;245;84;93;Nornalhorst;x
587;235;84;93;Silorn;x
588;225;84;93;Grayrock;x
589;215;84;93;Virtue;x
590;205;84;93;Wenyandawik;x
591;195;84;93;Pell's Gate;x
592;185;84;93;Eastwatch;x
593;175;84;93;Sercen;x
594;165;84;93;Vilverin;x
595;155;84;93;Cropsford;x
596;145;84;93;Culotte;x
597;135;84;93;Nagastani;x
598;125;84;93;Applewatch;x
599;115;84;93;Dragonclaw;x
600;105;84;93;Anga;x
601;95;84;93;Redruby;x
602;85;84;93;Sedor;x
603;75;84;93;Fanacas;x
604;65;84;93;Arrius;x
605;55;84;93;Belda;x
606;45;84;93;Aldos;x
607;35;84;93;Kemen;x
608;25;84;93;Vahtacen;x
609;15;84;93;Drakelowe;x
610;5;84;93;Hame;x
611;0;82;91;Bramblepoint;x
612;253;84;93;Dunval;x
613;243;84;93;Maberumi;x
614;233;84;93;Mackamentain;x
615;223;84;93;Malada;x
616;213;84;93;Cuptor;x
617;203;84;93;Wendelbek;x
618;193;84;93;Bloodrun;x
619;183;84;93;Doublecross;x
620;173;84;93;Blankenmarch;x
621;163;84;93;Morahame;x
622;153;84;93;Goldthroat;x
623;143;84;93;Darkfathom;x
624;133;84;93;Tagon;x
625;123;84;93;Rhasakan;x
626;113;84;93;Taleskan;x
627;103;84;93;Kevalla;x
628;93;84;93;Teth;x
629;83;84;93;Lagon;x
630;73;84;93;Kanesh;x
631;63;84;93;Sora;x
632;53;84;93;Yul;x
633;43;84;93;Samara;x
634;33;84;93;Vathi;x
635;23;84;93;Siuol Yelir;x
636;13;84;93;Ravan;x
637;56;0;56;Syut;x
638;56;10;56;Baut;x
639;56;20;56;Nalonga;x
640;56;30;56;Helkune;x
641;56;40;56;Torhold;x
642;56;50;56;Aneirvale;x
643;56;60;56;Darkhor;x
644;56;70;56;Toprest;x
645;56;80;56;Duncinthe;x
646;56;90;56;Memrove;x
647;56;100;56;Tornthe;x
648;56;110;56;Alcrest;x
649;56;120;56;Meirrest;x
650;56;130;56;Sencrest;x
651;56;140;56;Coren;x
652;56;150;56;Masdorn;x
653;56;160;56;Darhold;x
654;56;170;56;Margen;x
655;56;180;56;Alkarth;x
656;56;190;56;Greenpoint;x
657;56;200;56;Havisti;x
658;56;210;56;Hearthgrove;x
659;56;220;56;Balinesti;x
660;56;230;56;Gnarledroot;x
661;56;240;56;Heartbush;x
662;56;250;56;Eldenbush;x
663;56;255;56;Woodroot;x
664;56;245;56;Glenguard;x
665;56;235;56;Skywatch;x
666;56;225;56;Silverguard;x
667;56;215;56;Seawasten;x
668;56;205;56;Marnandril;x
669;56;195;56;Karnwood;x
670;56;185;56;Silvernor;x
671;56;175;56;Marnwatch;x
672;56;165;56;Sunwood;x
673;56;155;56;Sunarnor;x
674;56;145;56;Duskwood;x
675;56;135;56;Sunnor;x
676;56;125;56;Karnview;x
677;56;115;56;Lillarnor;x
678;56;105;56;Glenandril;x
679;56;95;56;Oraxia;x
680;56;85;56;Aldera;x
681;56;75;56;Almhold;x
682;56;65;56;Adurra;x
683;56;55;56;Darissa;x
684;56;45;56;Ornhold;x
685;56;35;56;Nardurin;x
686;56;25;56;Padani;x
687;56;15;56;Prathan;x
688;56;5;56;Narhold;x
689;123;0;255;Salan;x
690;123;10;255;Bosica;x
691;123;20;255;Tel Ansi;x
692;123;30;255;Darmora;x
693;123;40;255;Ordurin;x
694;123;50;255;Narthan;x
695;123;60;255;Lleris;x
696;123;70;255;Salmaxia;x
697;123;80;255;Uveria;x
698;123;90;255;Orcrom;x
699;123;100;255;Narmora;x
700;123;110;255;Dardurin;x
701;123;120;255;Tel Sarthis;x
702;123;130;255;Almrothan;x
703;123;140;255;Falkhammer;x
704;123;150;255;Bleakwall;x
705;123;160;255;Ustunpass;x
706;123;170;255;Shearstone;x
707;123;180;255;Valtheim;x
708;123;190;255;Shorflow;x
709;123;200;255;Coldwinter;x
710;123;210;255;Ravenstead;x
711;123;220;255;Valtgard;x
712;123;230;255;Snowgrad;x
713;123;240;255;Bannerwatch;x
714;123;250;255;Morvunhall;x
715;123;255;255;Coldwind;x
716;123;245;255;Coldstone;x
717;123;235;255;Whiteflow;x
718;123;225;255;Ustunhall;x
719;123;215;255;Ravenhall;x
720;123;205;255;Westmarch;x
721;123;195;255;Skyhammer;x
722;123;185;255;Hraggen;x
723;123;175;255;Scarhammer;x
724;123;165;255;Ironheim;x
725;123;155;255;Morgate;x
726;123;145;255;Ironpoint;x
727;123;135;255;Skymarch;x
728;123;125;255;Dunmarch;x
729;123;115;255;Greymarch;x
730;123;105;255;Whitewatch;x
731;123;95;255;Yneslea;x
732;123;85;255;Anequey;x
733;123;75;255;Ilaquey;x
734;123;65;255;Itil;x
735;123;55;255;Esroniet;x
736;123;45;255;Yntao;x
737;123;35;255;Adeniet;x
738;123;25;255;Lor;x
739;123;15;255;Kidal;x
740;123;5;255;Rama;x
741;81;81;0;Ang Het;x 
742;81;81;10;Tang On;x
743;81;81;20;Than Mo;x
744;81;81;30;Prachata;x
745;81;81;40;Thayala;x
746;81;81;50;Mae Taphut;x
747;81;81;60;Langkhon;x
748;81;81;70;Latchanaburi;x
749;81;81;80;Ang Po;x
750;81;81;90;Ratchata;x
751;81;81;100;Ratchasima;x
752;81;81;110;Latthaburi;x
753;81;81;120;Tang Yala;x
754;81;81;130;Ratcharang;x
755;81;81;140;Panyat;x
756;81;81;150;Om Kok;x
757;81;81;160;Dunggoon;x
758;81;81;170;Kankham;x
759;81;81;180;Tongtou;x
760;81;81;190;Chungzi;x
761;81;81;200;Shiung;x
762;81;81;210;Giruma;x
763;81;81;220;Ciman;x
764;81;81;230;Lautah;x
765;81;81;240;Ho Fa;x
766;81;81;250;Chuenbo;x
767;81;81;255;Hianwo;x
768;81;81;245;Nod;x
769;81;81;235;Homshing;x
770;81;81;225;Wu Li;x
771;81;81;215;Shuobi;x
772;81;81;205;Tsuishan;x
773;81;81;195;Hengyuan;x
774;81;81;185;Qao;x
775;81;81;175;Kamipung;x
776;81;81;165;Indratra;x
777;81;81;155;Manjung;x
778;81;81;145;Pu Mai;x
779;81;81;135;Na Mai;x
780;81;81;125;Ho Bei;x
781;81;81;115;Mae San;x
782;81;81;105;Meruma;x
783;81;81;95;Rammak;x
784;81;81;85;Pekman;x
785;81;81;75;Siwesi;x
786;81;81;65;Sarcal;x
787;81;81;55;Amalok;x
788;81;81;45;Viplam;x
789;81;81;35;Batar;x
790;81;81;25;Giru Torat;x
791;81;81;15;Tisat;x
792;81;81;5;Cirat;x
793;4;0;50;Woshojo;x
794;4;10;50;Totoshi;x
795;4;20;50;Chanubi;x
796;4;30;50;Gikiro;x
797;4;40;50;Ijato;x
798;4;50;50;Puryosu;x
799;4;60;50;Surakota;x
800;4;70;50;Nuak;x
801;4;80;50;Vatak;x
802;4;90;50;Gorling;x
803;4;100;50;Jatan;x
804;4;110;50;Conak;x
805;4;120;50;Karitu;x
806;4;130;50;Cotu;x
807;4;140;50;Badang;x
808;4;150;50;Mekaya;x
809;4;160;50;Darlam;x
810;4;170;50;Shingliu;x
811;4;180;50;Gitu;x
812;4;190;50;Henghua;x
813;4;200;50;Ho Wan;x
814;4;210;50;Aya;x
815;4;220;50;Changzi;x
816;4;230;50;Xia Zi;x
817;4;240;50;Ramling;x
818;4;250;50;Volatra;x
819;4;255;50;Beku;x
820;4;245;50;Xiatung;x
821;4;235;50;Yichung;x
822;4;225;50;Tadesa;x
823;4;215;50;Taku;x
824;4;205;50;Suratra;x
825;4;195;50;Amalam;x
826;4;185;50;Vaspung;x
827;4;175;50;Gili;x
828;4;165;50;Copang;x 
829;4;155;50;Arat;x
830;4;145;50;Tasikku;x
831;4;135;50;Herpung;x
832;4;125;50;Kariwesi;x
833;4;115;50;Towesi;x
834;4;105;50;Cidang;x
835;4;95;50;Carakal;x
836;4;85;50;Papraya;x
837;4;75;50;Focsat;x
838;4;65;50;Tilang;x
839;4;55;50;Radet;x
840;4;45;50;Meralang;x
841;4;35;50;Darang;x
842;4;25;50;Beishan;x
843;4;15;50;Nanshan;x
844;4;5;50;Bisat;x
845;109;50;0;Shingen;x
846;109;50;10;Shien;x
847;109;50;20;Nanchung;x
848;109;50;30;Soggi;x
849;109;50;40;Asp;x
850;109;50;50;Hawlok;x
851;109;50;60;Sivera;x
852;109;50;70;Ying Zi;x
853;109;50;80;Wanchu;x
854;109;50;90;Chuenho;x
855;109;50;100;Amadesa;x
856;109;50;110;Zekota;x
857;109;50;120;Vataek;x
858;109;50;130;Wu Jian;x
859;109;50;140;Saibao;x
860;109;50;150;Binaiki;x
861;109;50;160;Aikaya;x
862;109;50;170;Amakal;x
863;109;50;180;Sumyaw;x
864;109;50;190;Lautsat;x
865;109;50;200;Tilui;x
866;109;50;210;Vaswa;x
867;109;50;220;Gilam;x
868;109;50;230;Bukduk;x
869;109;50;240;Aikeni;x
870;109;50;250;Darjar;x
871;109;50;255;Sigpuan;x
872;109;50;245;Sabatra;x
873;109;50;235;Pedraha;x
874;109;50;225;Vangra;x
875;109;50;215;Ynrah;x
876;109;50;205;Kediskele;x
877;109;50;195;Sisao;x
878;109;50;185;Samorfez;x
879;109;50;175;Hua Chang;x
880;109;50;165;Kadmal;x
881;109;50;155;Sinak;x
882;109;50;145;Kumuuk;x
883;109;50;135;Izmiltep;x
884;109;50;125;Kamum;x
885;109;50;115;Akrum;x
886;109;50;105;Samahya;x
887;109;50;95;Mahala;x
888;109;50;85;Chadahan;x
889;109;50;75;Askarimir;x
890;109;50;65;Samon;x
891;109;50;55;Burfez;x
892;109;50;45;Banglasin;x
893;109;50;35;Chiangmai;x
894;109;50;25;Vanseri;x
895;109;50;15;Ofusu;x
896;109;50;5;Korsus;x
897;249;0;125;Izmursa;x
898;249;10;125;Bingursa;x
899;249;20;125;Karum;x
900;249;30;125;Boluya;x
901;249;40;125;Kiraman;x
902;249;50;125;Shansin;x
903;249;60;125;Burvas;x
904;249;70;125;Karfa;x
905;249;80;125;Mahawat;x
906;249;90;125;Takuathaburi;x
907;249;100;125;Batozan;x
908;249;110;125;Sivabakir;x
909;249;120;125;Golig;x
910;249;130;125;Tekirzan;x
911;249;140;125;Kayara;x
912;249;150;125;Lampang;x
913;249;160;125;Burising;x
914;249;170;125;Khonkhoi;x
915;249;180;125;Chianglam;x
916;249;190;125;Aksana;x
917;249;200;125;Antara;x
918;249;210;125;Nanpong;x
919;249;220;125;Puchang;x
920;249;230;125;Thanyarachan;x
921;249;240;125;Afyfa;x
922;249;250;125;Diyakale;x
923;249;255;125;Lang Thong;x
924;249;245;125;Kaur;x
925;249;235;125;Tarshehir;x
926;249;225;125;Diyarum;x
927;249;215;125;Musehir;x
928;249;205;125;Adhisar;x
929;249;195;125;Bursana;x
930;249;185;125;Bolkara;x
931;249;175;125;Vanya;x
932;249;165;125;Ankar;x
933;249;155;125;Sananthaburi;x
934;249;145;125;Erzhir;x
935;249;135;125;Kahmaras;x
936;249;125;125;Kozain;x
937;249;115;125;Mashamir;x
938;249;105;125;Udon Thani;x
939;249;95;125;Balima;x
940;249;85;125;Bolukars;x
941;249;75;125;Battalya;x
942;249;65;125;Marfez;x
943;249;55;125;Manivas;x
944;249;45;125;Jadahar;x
945;249;35;125;Burzmir;x
946;249;25;125;Korica;x
947;249;15;125;Kamori;x
948;249;5;125;Katapur;x
949;249;0;53;Kadagri;x
950;249;10;53;Gazum;x
951;249;20;53;Kahrahir;x
952;249;30;53;Elazrum;x
953;249;40;53;Musorfez;x
954;249;50;53;Behar;x
955;249;60;53;Baram;x
956;249;70;53;Mirpur;x
957;249;80;53;Kanaveh;x
958;249;90;53;Usabul;x
959;249;100;53;Samagri;x
960;249;110;53;Qakhazan;x
961;249;120;53;Izmalya;x
962;249;130;53;Kaaz;x
963;249;140;53;Durmur;x
964;249;150;53;Sharur;x
965;249;160;53;Sabirabad;x
966;249;170;53;Surkh;x
967;249;180;53;Konda;x
968;249;190;53;Mujum;x
969;249;200;53;Muk;x
970;249;210;53;Garibak;x
971;249;220;53;Karakon;x
972;249;230;53;Nurak;x
973;249;240;53;Qul;x
974;249;250;53;Qusar;x
975;249;255;53;Vashab;x
976;249;245;53;Lohur;x
977;249;235;53;Jamadur;x
978;249;225;53;Temamir;x
979;249;215;53;Ormanbod;x
980;249;205;53;Mavikara;x
981;249;195;53;Kayakent;x
982;249;185;53;Mus;x
983;249;175;53;Kashmir;x
984;249;165;53;Bhatanir;x
985;249;155;53;Odhisar;x
986;249;145;53;Istmal;x
987;249;135;53;Balakan;x
988;249;125;53;Handumur;x
989;249;115;53;Lividur;x
990;249;105;53;Jylkurfyk;x
991;249;95;53;Broadwall;x
992;249;70;135;Bukkul;x
993;249;75;53;Jotunn;x
994;249;60;135;Riryu;x
995;249;50;135;Siman;x
996;249;40;135;Karabak;x
997;249;35;53;Skalanorn;x
998;249;30;135;Shuyurru;x
999;249;20;135;Lankaran;x
1000;249;5;53;Haugrheim;x
1001;249;10;135;Edirica;x
1002;249;10;48;Jokull;x
1003;249;20;48;Valdyr;x
1004;249;0;135;Barda;x
1005;249;125;48;Chon Ang;x
1006;249;135;48;Segaji;x
1007;249;60;48;Varadrod;x
1008;249;145;48;Bao Ung;x
1009;249;155;48;Xianyi;x
1010;249;90;48;Moraheim;x
1011;119;220;60;Tulla;x
1012;249;110;48;Ysvollr;x
1013;193;250;223;;x
1014;193;250;224;;x
1015;193;250;225;;x
1016;249;165;48;Skalrheim;x
1017;249;160;48;Fjallunn;x
1018;249;175;48;Skynorn;x
1019;249;235;48;Skalagr;x
1020;249;190;48;Skyskr;x
1021;249;200;48;Isalur;x
1022;249;210;48;Ysgard;x
1023;249;255;48;Brotingard;x
1024;119;190;60;Hua Dung;x
1025;119;180;60;Mae Thong;x
1026;119;170;60;Buarachan;x
1027;119;20;60;Udon Bueng;x
1028;119;30;60;Amnkret;x
1029;119;40;60;Om Nat;x
1030;119;50;60;Bjoulsae River;x
1031;119;60;60;Bjoulsae River;x
1032;119;70;60;Brena River;x
1033;119;80;60;Brena River;x
1034;119;90;60;Brena River;x
1035;119;100;60;Brena River;x
1036;119;110;60;Strid River;x
1037;119;120;60;Strid River;x
1038;119;130;60;Strid River;x
1039;35;1;255;Lake Naga;x
1040;101;111;145;Lake Archein;x
1041;64;112;190;Golishar River;x
1042;119;10;60;Lake Veloth;x
1043;119;0;60;Thir River;x
1044;59;118;250;Thir River;x
1045;64;112;130;Topara River;x
1046;64;112;120;Topara River;x
1047;193;250;222;Topara River;x
1048;119;230;60;Roscrean Coast;x
1049;119;240;60;Sea of Ghosts;x
1050;119;5;60;Cerulean Abyss;x
1051;119;15;60;Padomaic Ocean;x
1052;119;25;60;Serpentine Sea;x
1053;249;115;48;Dread Sea;x
1054;249;105;48;Belport Sea;x
1055;249;95;48;Sea of Quey;x
1056;121;83;81;Lake Sarpa;x
1057;68;127;20;Hew's Bay;x
1058;68;127;30;Coast of Hegate;x
1059;68;127;40;Coast of Diss;x
1060;68;127;50;Silver Channel;x
1061;68;127;60;Elden Coast;x
1062;68;127;70;Coast of Banta;x
1063;68;127;80;Arcantian Coast;x
1064;68;127;90;Coast of Quin Rawl;x
1065;68;127;100;Sea of Souls;x
1066;68;127;110;Gold Coast;x
1067;68;127;120;Shimmering Channel;x
1068;68;127;130;The Strait;x
1069;68;127;140;Coast of Daggerfall;x
1070;68;127;150;Mer Sea;x
1071;68;127;160;Topal Sea;x
1072;68;127;170;Lake Rumare;x
1073;68;127;180;Coast of Skywatch;x
1074;68;127;190;Hunding Bay;x
1075;68;127;200;Haven Sea;x
1076;68;127;210;Pyrrahnic Bay;x
1077;68;127;220;Landrillian Sea;x
1078;68;127;230;Coast of Sunhold;x
1079;68;127;240;Pontian Coast;x
1080;68;127;250;Coast of Dwynnen;x
1081;68;127;255;The Chain;x
1082;68;127;245;Coast of Lilmoth;x
1083;59;118;0;Abecean Sea;x
1084;59;118;10;The Divide;x
1085;101;101;135;Sea of Storms;x
1086;59;118;30;Coast of Camlorn;x
1087;59;118;40;Coast of Thorn;x
1088;59;118;50;Cathnoquey Sea;x
1089;59;118;60;Lolthanic Coast;x
1090;59;118;70;Coast of Firewatch;x
1091;59;118;80;Coast of Winterhold;x
1092;59;118;90;Coast of Haafingar;x
1093;59;118;100;Coast of Alinor;x
1094;59;118;110;Tullan Coast;x
1095;59;118;120;Coast of Almalexia;x
1096;59;118;130;Inner Sea;x
1097;59;118;140;Coast of Blacklight;x
1098;59;118;150;Bay of Farrun;x
1099;59;118;160;Thrassian Reef;x
1100;59;118;170;Padomaic Ocean;x
1101;59;118;180;Eastern Islander Ocean;x
1102;59;118;190;Bitter Coast;x
1103;59;118;200;Bay of Hjaalmarch;x
1104;59;118;210;Telvannic Sea;x
1105;59;118;220;Northern Islander Ocean;x
1106;59;118;230;Old Sea;x
1107;59;118;240;Azura's Coast;x
1108;129;120;129;Ersy Bay;x
1109;59;118;255;Summerset Bay;x
1110;59;118;245;King's Coast;x
1111;59;118;235;Niben River;x
1112;1;1;255;Lake Fjalding;x
1113;3;1;255;Lake Masobi;x
1114;5;1;255;Lake Vorys;x
1115;7;1;255;Lake Amaya;x
1116;101;101;210;Ang Hon;x
1117;11;1;255;Lake Alma;x
1118;13;1;255;Lake Arrius;x
1119;15;1;255;Lake Poppad;x
1120;17;1;255;Lake Honrich;x
1121;19;1;255;Lake Geir;x
1122;21;1;255;Lake Honrich;x
1123;23;1;255;Lake Yorgrim;x
1124;25;1;255;Lake Alessia;x
1125;27;1;255;Blessed Water;x
1126;29;1;255;Lake Belharza;x
1127;31;1;255;Lake Hlaalu;x
1128;33;1;255;Lake Canulus;x
1129;119;140;60;Tharong;x
1130;37;1;255;Lake Murken;x
1131;39;1;255;Lake Blackscale;x
1132;41;1;255;Lake Sithis;x
1133;43;1;255;Lake Toad;x
1134;45;1;255;Lake Amaharu;x
1135;47;1;255;Lake Argos;x
1136;49;1;255;Lake Paatru;x
1137;51;1;255;Lake Saxhleel;x
1138;53;1;255;Lake Agaceph;x
1139;68;127;0;Niben Bay;x
1140;68;127;10;Iliac Bay;x
1141;59;1;255;Azra Crater;x
1142;61;1;255;Alik'r Oasis;x
1143;55;1;255;Halcyon Lake;x
1144;57;1;255;Viridian Lake;x
1145;102;61;17;Lake Anu;x
1146;103;62;18;Lake Pado;x
1147;99;0;255;Southern Eltheric Ocean;x
1148;99;10;255;Azurian Sea;x
1149;99;20;255;Sea of Pearls;x
1150;99;30;255;Ravannic Sea;x
1151;99;40;255;The Sundered Sea;x
1152;99;50;255;Sea of Deceit;x
1153;99;60;255;Northern Eltheric Ocean;x
1154;101;101;0;Western Sea of Ghosts;x
1155;101;101;10;Eastern Sea of Ghosts;x
1156;101;101;20;Skalr Coast;x
1157;101;101;30;Frost Coast;x
1158;101;101;40;Western Padomaic Ocean;x
1159;101;101;50;Southern Padomaic Ocean;x
1160;101;101;60;Coast of Ysgard;x
1161;101;101;70;Bay of Isalur;x
1162;101;101;80;Forbidden Coast;x
1163;101;101;140;Sunken Sea;x
1164;101;101;100;Far Sea;x
1165;101;101;110;Gerzalun Sea;x
1166;129;30;214;Jestu Sea;x
1167;171;42;82;Usseri Coast;x
1168;87;102;226;Byron Coast;x
1169;129;105;99;Eddipo Coast;x
1170;127;129;9;Padomaic Ocean;x
1171;9;1;255;Coast of Yneslea;x
1172;101;101;160;Great Akaviri Sea;x
1173;101;101;170;Western Rim;x
1174;101;101;200;Eastern Rim;x
1175;101;101;190;Coast of Cathnoquey;x
1176;101;101;220;Padomaic Ocean;x
1177;101;101;230;Middle Sea;x
1178;101;101;240;Simian Gulf;x
1179;101;101;250;Padomaic Ocean;x
1180;101;101;5;Emerald Coast;x
1181;101;101;15;Eastern Middle Sea;x
1182;101;101;25;Bay of Kamal;x
1183;101;101;35;Raggun Sea;x
1184;64;112;200;Great Padomaic Ocean;x
1185;101;101;55;Simian Sea;x
1186;101;101;65;Dead White Sea;x
1187;101;101;75;Dread Sea;x
1188;101;101;85;Northern Sea of Ghosts;x
1189;101;101;95;Northern Sea of Ghosts;x
1190;101;101;105;Eastern Ever-Frozen Sea;x
1191;101;101;115;Akaviri Passage;x
1192;101;101;125;Northern Sea of Ghosts;x
1193;59;118;20;Eastern Elven Sea;x
1194;101;101;45;Chondahan;x
1195;119;150;60;Khonong;x
1196;111;101;133;Blackrock;x
1197;111;101;143;Lipsand;x
1198;111;101;153;Wendir;x
1199;111;101;163;Lindai;x
1200;111;101;173;Sednar;x
1201;111;101;183;Elran;x
1202;111;101;193;Greyleaf;x
1203;111;101;203;Riverkeep;x
1204;111;101;213;Hearthshield;x
1205;111;101;223;Volkihar;x
1206;64;112;0;Sagoon;x
1207;64;112;10;Bangphai;x
1208;64;112;20;Ang Besar;x
1209;64;112;30;Surinang;x
1210;64;112;40;Pa Kong;x
1211;64;112;50;Phuchang;x
1212;64;112;60;Kalathani;x
1213;64;112;70;Bang Om;x
1214;64;112;80;Kanthum;x
1215;64;112;90;Amnarasak;x
1216;64;112;100;Wangong;x
1217;64;112;110;Lam Kaen;x
1218;119;210;60;Ang Suan;x
1219;119;200;60;Anakar;x
1220;64;112;140;Lake Kazidar;x
1221;64;112;150;Lake Melturvan;x
1222;64;112;160;Lake Shindul;x
1223;64;112;170;Lake Silvan;x
1224;64;112;180;Lake Jadorlig;x
1225;119;160;60;Bang Suan;x
1226;101;101;145;Narasak;x
1227;64;112;210;Lake Thalooda;x
1228;64;112;220;Lake Huasima;x
1229;64;112;230;Lake Ampong;x
1230;64;112;240;Lake Khonmon;x
1231;64;112;250;Lake Gsmisal;x
1232;64;112;5;Lake To Hua Lan;x
1233;64;112;15;Lake Washao;x
1234;64;112;25;Lake Yishao;x
1235;64;112;35;Lake Hongpo;x
1236;64;112;45;Lake Mitsuma;x
1237;64;112;55;Lake Singmo;x
1238;64;112;65;Lake Om Kong;x
1239;64;112;75;Kan So River;x
1240;64;112;85;Kan So River;x
1241;64;112;95;Volwesi Lagoon;x
1242;64;112;105;Pameirra River;x
1243;64;112;115;Meratsies River;x
1244;64;112;125;Meratsies River;x
1245;64;112;135;Meratsies River;x
1246;64;112;145;Meratsies River;x
1247;64;112;155;Lake Voramak;x
1248;64;112;165;Kangala;x
1249;64;112;175;Kansi;x
1250;64;112;185;Ho Yi;x
1251;64;112;195;Huabei;x
1252;64;112;205;Shilung;x
1253;64;112;215;Xi Fa;x
1254;64;112;225;Manggara;x
1255;64;112;235;Yibao;x
1256;64;112;245;Mayat;x
1257;10;11;33;Moni;x
1258;64;112;255;Degali;x
1259;12;123;0;Rahira;x
1260;12;123;10;Singalam;x
1261;12;123;20;Ang Ko;x
1262;12;123;30;Hua Zi;x
1263;12;123;40;Zhizi;x
1264;12;123;50;Pu Bao;x
1265;12;123;60;Indradung;x
1266;12;123;70;Zedaya;x
1267;12;123;80;Taiga;x
1268;12;123;90;Miao Chung;x
1269;12;123;100;Xianhua;x
1270;12;123;110;Baobao;x
1271;12;123;120;Pu Ma;x
1272;12;123;130;Bukpang;x
1273;12;123;140;Voljung;x
1274;12;123;150;Kaliggau;x
1275;12;123;160;Tasikwa;x
1276;12;200;199;Vandor;x
1277;12;210;199;Kore;x
1278;12;220;199;Clothos;x
1279;12;230;199;Thalo;x
1280;12;240;199;Gorne;x
1281;12;250;199;Bleakrock;x
1282;12;255;199;Khenarthi's Roost;x
1283;90;11;33;Olenveld;x
1284;100;11;33;Asil Yelir;x
1285;110;11;33;Arranbu;x
1286;120;11;33;Klithi;x
1287;130;11;33;Kardesh;x
1288;140;11;33;Zamunda;x
1289;150;11;33;Nakan;x
1290;160;11;33;Bahia;x
1291;233;33;0;Shayfan;x
1292;233;33;10;Ceffa;x
1293;14;23;255;Moonpoint River;x
1294;14;23;250;Shieldkeep River;x
1295;14;23;245;Grovekeep River;x
1296;14;23;240;Rockshade River;x
1297;14;23;235;Naga River;x
1298;14;23;230;Naga River;x
1299;14;23;225;Springrove River;x
1300;87;6;76;Wyai;x
1301;114;99;47;Vindovona;x
1302;6;102;175;Dartus;x
1303;48;105;48;Meggedo;x
1304;174;186;52;Rasputia;x
1305;7;189;180;Nacturwal;x
1306;49;192;53;Sachervois;x
1307;91;195;181;Jabiem;x
1308;133;198;54;Bermanchu;x
1309;174;201;182;Teigmins;x
1310;7;204;55;Saendur;x
1311;49;207;183;Ceblint;x
1312;91;210;56;Hofsebland;x
1313;132;0;184;Derwatux;x
1314;174;3;57;Guav;x
1315;7;6;185;Zerhov;x
1316;49;9;58;Aglon;x
1317;91;12;186;Leukaster;x
1318;133;15;59;Ruagr;x
1319;174;18;187;Bremozan;x
1320;7;21;60;Frunini;x
1321;49;24;188;Echwatom;x
1322;91;27;61;Absareg;x
1323;133;30;189;Kerchu;x
1324;174;33;62;Uttarsodes;x
1325;7;36;190;Momo;x
1326;49;39;63;Jurad;x
1327;91;42;191;Oziriv;x
1328;133;45;64;Thomir;x
1329;174;48;192;Huipa;x
1330;7;51;65;Tonberg;x
1331;49;54;193;Peuta;x
1332;91;57;66;Xedova;x
1333;133;60;194;Actmoran;x
1334;174;63;67;Sibuantes;x
1335;7;66;195;Decca;x
1336;49;69;68;Qurom;x
1337;91;72;196;Liwhed;x
1338;133;75;69;Kanuj;x
1339;174;78;197;Robsana;x
1340;7;181;70;Gheintoras;x
1341;49;84;198;Hunnori;x
1342;91;87;71;Fugezun;x
1343;133;90;199;Xaddes;x
1344;174;93;72;Loduga;x
1345;7;96;200;Sarranof;x
1346;91;102;201;Luki;x
1347;87;204;201;Edgon;x
1348;129;207;74;Siuppa;x
1349;171;210;202;Ijuben;x
1350;3;0;75;Cintra;x
1351;45;3;203;Tacahan;x
1352;170;11;33;Zelbepal Sea;x 
1353;129;9;204;Ottol Sea;x
1354;171;12;77;Ottol Sea;x
1355;3;15;205;Immong Gulf;x
1356;45;18;78;Immong Gulf;x
1357;87;21;206;Gang Bay;x
1358;129;24;79;East-Gang Coast;x
1359;171;27;207;West-Gang Coast;x
1360;3;30;80;Loryam Sea;x
1361;45;33;208;Sneak Bay;x
1362;87;36;81;Domiam Gulf;x
1363;129;39;209;Haugr Sound;x
1364;71;133;87;Kuisk;x
1365;3;45;210;Ante Castel;x
1366;45;48;83;Rubisol;x
1367;87;51;211;Irroza;x
1368;129;54;84;Colube;x
1369;171;57;212;Aftir;x
1370;3;60;85;Fudden;x
1371;45;63;213;Jisna;x
1372;87;66;86;Leqube;x
1373;129;69;214;Ibvoc;x
1374;171;72;87;Cungebes;x
1375;3;75;215;Rupdala;x
1376;45;78;88;Eskotan;x
1377;87;81;216;Ruzag;x
1378;129;84;89;Demdinu;x
1379;171;87;217;Ponvula;x
1380;3;90;90;Kayor;x
1381;45;93;218;Luvien;x
1382;87;96;91;Kimmodar;x
1383;129;99;219;Nanruse;x
1384;171;102;92;Hobzal;x
1385;3;105;220;Saruxo;x
1386;45;108;93;Onimat;x
1387;87;111;221;Belorca;x
1388;129;114;94;Axeland;x
1389;171;117;222;Gersaj;x
1390;3;120;95;Atvuse;x
1391;45;123;223;Uyopa;x
1392;87;126;96;Ufan;x
1393;129;129;224;Boladir;x
1394;171;132;97;Asaria;x
1395;3;113;225;Tael;x
1396;45;138;98;Ralart;x
1397;87;141;226;Kisonne;x
1398;129;144;99;Kahler;x
1399;7;81;70;Salemir;x
1400;130;96;209;Mustaggor;x
1401;172;99;82;Landmars;x
1402;4;102;210;Raliel;x
1403;46;105;83;Runaria;x
1404;88;108;211;Wemot;x
1405;130;111;84;Sonemir;x
1406;172;114;212;Aloremir;x
1407;4;117;85;Qunabhan;x
1408;131;36;4;Esabhan;x
1409;171;147;227;Sisart;x
1410;5;42;5;Udnarc;x
1411;47;45;133;Temomon;x
1412;89;48;6;Baud;x
1413;131;15;134;Alinaud;x
1414;173;14;7;Remada;x
1415;5;57;135;Boronde;x
1416;47;60;8;Abalonne;x
1417;89;63;136;Nisanis;x
1418;131;66;9;Karia;x
1419;173;69;137;Esot;x
1420;5;72;10;Kunonde;x
1421;47;75;138;Sisiel;x
1422;89;78;11;Rihaod;x
1423;131;81;139;Bisart;x
1424;173;84;12;Yepoz;x
1425;5;87;140;Rananis;x
1426;47;90;13;Adatugel;x
1427;89;93;141;Ezbidon;x
1428;131;96;14;Tayahan;x
1429;173;99;142;Vupra;x
1430;5;102;15;Eroneran;x
1431;47;105;143;Remasin;x
1432;89;108;16;Kanory;x
1433;131;111;144;Evareran;x
1434;173;114;17;Diel;x
1435;5;117;145;Datudur;x
1436;1;24;190;Egalaria;x
1437;89;123;146;Baxita;x
1438;47;198;73;Wirika;x
1439;7;181;147;Razna;x
1440;5;132;20;Quarm;x
1441;1;9;60;Kulory;x
1442;89;138;21;Nenard;x
1443;131;141;149;Nudur;x
1444;173;144;22;Lijita;x
1445;5;147;150;Ezbana;x
1446;47;150;23;Bozudur;x
1447;89;153;115;Ozcalar;x
1448;131;156;24;Daxakti;x
1449;173;159;152;Nodael;x
1450;5;162;25;Suasgi;x
1451;47;165;153;Apapidon;x
1452;89;168;26;Kagoja;x
1453;131;171;114;Ragaret;x
1454;173;174;27;Abodarim;x
1455;5;177;115;Bavana;x
1456;47;180;28;Lirew;x
1457;89;183;156;Qileuta;x
1458;131;186;29;Wevalla;x
1459;173;189;157;Kegeid;x
1460;5;192;30;Sali;x
1461;47;195;158;Qilidon;x
1462;89;198;31;Negoti;x
1463;131;201;159;Tapita;x
1464;173;204;32;Lazcadon;x
1465;5;207;160;Avitri;x
1466;47;210;33;Qevalla;x
1467;89;0;161;Ciseid;x
1468;131;3;34;Kazaton;x
1469;173;6;162;Koptar;x
1470;5;9;35;Timoti;x
1471;47;12;163;Wuryamal;x
1472;89;15;36;Lavaton;x
1473;131;18;164;Kanoti;x
1474;173;21;37;Bahitri;x
1475;5;24;165;Emevush;x
1476;47;27;38;Kageuta;x
1477;89;30;166;Sodeuta;x
1478;131;33;39;Lahank;x
1479;173;36;167;Qavar;x
1480;5;39;40;Ascedros;x
1481;47;42;168;Mopellez;x
1482;89;45;41;Arivirek;x
1483;131;48;169;Ravaret;x
1484;173;15;42;Usvice;x
1485;5;14;170;Badari;x
1486;47;57;43;Rodoti;x
1487;89;60;171;Daveid;x
1488;131;63;44;Nivush;x
1489;173;66;172;Sirgon;x
1490;5;69;45;Adunery;x
1491;47;72;173;Helbida;x
1492;89;75;46;Dapeid;x
1493;131;78;174;Wuisush;x
1494;173;81;47;Nagarim;x
1495;5;84;175;Turena;x
1496;47;87;48;Duatti;x
1497;89;90;176;Waxidon;x
1498;131;93;49;Keta;x
1499;173;96;177;Laharet;x
1500;169;144;47;Kimush;x
1501;47;102;178;Fregacy;x
1502;89;105;15;Bazakti;x
1503;131;108;179;Esceta;x
1504;173;111;52;Woja;x
1505;5;114;180;Qahitri;x
1506;47;117;53;Kodeta;x
1507;89;120;181;Zaveid;x
1508;131;123;14;Lagita;x
1509;173;126;182;Cirzen;x
1510;5;129;15;Kodakti;x
1511;47;132;183;Hebrat;x
1512;89;135;56;Disama;x
1513;131;138;184;Ratoti;x
1514;173;141;57;Aboden;x
1515;5;144;85;Rostov;x
1516;47;147;58;Juatri;x
1517;89;150;186;Tevama;x
1518;131;153;59;Mafgos;x
1519;173;156;187;Bavyamal;x
1520;5;159;60;Tavaret;x
1521;47;162;188;Ebzin;x
1522;89;165;61;Nevalla;x
1523;131;168;189;Kanush;x
1524;173;171;62;Kogeborg;x
1525;193;113;2;Tavoti;x
1526;47;177;63;Kivaton;x
1527;89;180;191;Qanama;x
1528;131;183;64;Zuisush;x
1529;173;186;12;Qazoti;x
1530;5;189;65;Udirek;x
1531;255;192;193;Nahena;x
1532;89;195;66;Obanis;x
1533;131;198;19;Jartalos;x
1534;173;201;67;Gemonde;x
1535;5;204;195;Bromile;x
1536;47;207;68;Keini;x
1537;89;210;196;Semaud;x
1538;131;0;69;Bemeran;x
1539;173;3;197;Kolonne;x
1540;5;6;70;Kidon;x
1541;47;9;198;Bamish;x
1542;89;12;71;Hazdul;x
1543;130;15;199;Fokar;x
1544;172;18;72;Japis;x
1545;6;21;200;Amaharet;x
1546;47;24;73;Akosidon;x
1547;89;27;201;Bosoja;x
1548;131;30;74;Ruart;x
1549;173;33;202;Abroi;x
1550;5;36;75;Lagovmas;x
1551;47;39;203;Tuatri;x
1552;89;42;76;Dorman;x
1553;131;45;204;Mumenid;x
1554;173;48;77;Suadn;x
1555;5;15;205;Ravali;x
1556;47;14;78;Giedon;x
1557;89;57;206;Amazidon;x
1558;131;60;79;Ascoja;x
1559;173;63;207;Hanaret;x
1560;5;66;80;Ryavana;x
1561;47;69;208;Savush;x
1562;89;72;81;Kagarim;x
1563;131;75;209;Wattubes;x
1564;173;78;82;Tyaotana;x
1565;5;81;210;Razcakti;x
1566;47;84;83;Sinapo;x
1567;89;87;211;Nuisar;x
1568;131;90;84;Pantu;x
1569;173;93;212;Osdubar;x
1570;5;96;85;Kacelat;x
1571;47;99;213;Eram;x
1572;89;102;86;Tajama;x
1573;131;105;214;Zobuna;x
1574;173;108;87;Ceyrus;x
1575;5;111;215;Buddefor;x
1576;47;114;88;Fursy;x
1577;89;117;216;Tesga;x
1578;131;120;89;Kuisama;x
1579;173;123;217;Fisari;x
1580;5;126;90;Paggute;x
1581;47;129;218;Qodaton;x
1582;89;132;91;Xib;x
1583;131;135;219;Rajud;x
1584;173;138;92;Dovathin;x
1585;5;141;220;Qimice;x
1586;47;144;93;Murar;x
1587;89;147;221;Nodena;x
1588;131;150;94;Athinor;x
1589;173;153;222;Syublen;x
1590;5;156;95;Koovec;x
1591;47;159;223;Vittesanis;x
1592;89;162;96;Ehavita;x
1593;131;165;224;Waetho;x
1594;173;168;97;Kurgan;x
1595;5;171;225;Oskian;x
1596;47;174;98;Virory;x
1597;89;177;226;Jitufuji;x
1598;131;180;99;Breifne;x
1599;173;183;17;Ulster;x
1600;5;186;0;Ormond;x
1601;45;153;128;Casdiel;x
1602;87;156;1;Flamorgan;x
1603;129;159;129;Dyfed;x
1604;171;162;2;Surrey;x
1605;3;165;130;Caithness;x
1606;45;168;3;Jogray;x
1607;87;1;3;Darrick;x
1608;129;174;4;Lunbar;x
1609;171;7;12;Torthumberland;x
1610;3;180;5;Zincoln;x
1611;45;83;13;Perby;x
1612;87;186;6;Bowys;x
1613;129;189;134;Arwick;x
1614;171;32;37;Worfolk;x
1615;3;195;135;Yrtois;x
1616;45;198;8;Houlogne;x
1617;87;201;136;Elrezurg;x
1618;249;242;2;Gamiens;x
1619;171;207;137;Kasnabruck;x
1620;3;210;10;Nortain;x
1621;45;0;138;Mornouaille;x
1622;87;3;11;Shartres;x
1623;129;6;139;Lake Vojostu;x
1624;171;9;12;Vodnu;x
1625;3;12;140;Camiens;x
1626;45;15;13;Pedgal;x
1627;87;18;141;Gontaj;x
1628;129;21;14;Durjom;x
1629;171;24;142;Lake Kofral;x
1630;3;27;15;Rezdu;x
1631;45;30;143;Semfis;x
1632;87;33;16;Dinthago;x
1633;129;36;144;Yarucena;x
1634;171;39;17;Monzell;x
1635;3;42;145;Tair;x
1636;45;45;18;Lihevob;x
1637;87;48;146;Dogan;x
1638;129;51;19;Emahar;x
1639;171;54;147;Civael;x
1640;3;57;20;Roida;x
1641;45;60;148;Ejucis;x
1642;87;63;21;Gorsun;x
1643;129;66;149;Kortitza;x
1644;171;69;22;Stislav;x
1645;3;72;150;Ruis;x
1646;45;75;23;Nezdona;x
1647;87;78;151;Jordva;x
1648;129;81;24;Cashli;x
1649;171;84;152;Onjikala;x
1650;3;87;25;Koblat;x
1651;45;90;153;Bozron;x
1652;87;93;26;Timpala;x
1653;129;96;154;Eppu;x
1654;171;99;27;Cirsola;x
1655;3;102;155;Imursen;x
1656;46;105;28;Hroldeven;x
1657;88;108;156;Awtor;x
1658;128;111;29;Kaltun;x
1659;171;114;157;Gottegar;x
1660;3;117;30;Vuldat;x
1661;45;120;158;Mdanis;x
1662;88;123;31;Toeweddir;x
1663;129;126;159;Luir;x
1664;171;129;32;Pejv;x
1665;3;132;160;Zebberan;x
1666;45;135;33;Wenard;x
1667;87;138;161;Ekolold;x
1668;129;141;34;edokima;x
1669;171;144;162;konavid;x
1670;3;147;35;wusiek;x
1671;89;126;211;taiselg;x
1672;4;42;200;ronise;x
1673;129;153;99;waruala;x
1674;170;57;157;sunoini;x
1675;126;6;164;wudal;x
1676;87;141;26;reenita;x
1677;90;36;151;qeman;x
1678;1;153;205;tibana;x
1679;169;114;192;nosyose;x
1680;128;18;14;rerian;x
1681;89;189;186;qalasa;x
1682;72;147;178;tamana;x
1683;45;156;193;bandiur;x
1684;48;75;193;karen;x
1685;130;75;99;keuneem;x
1686;44;21;138;ruyius;x
1687;129;87;159;Midzia;x
1688;126;186;194;Lerusta;x
1689;5;102;165;Haanok;x
1690;127;168;159;ryuyihu;x
1691;173;36;67;Seroo;x
1692;169;102;88;tartiz;x
1693;4;123;80;romez;x
1694;84;159;196;lamiyuan;x
1695;127;75;179;kovoan;x
1696;88;153;141;Ozbuyi;x
1697;128;129;214;qien;x
1698;88;123;136;kutine;x
1699;84;24;151;Qiniyya;x
1700;86;132;221;Berani;x
1701;45;27;178;Tesegen;x
1702;87;30;51;Nbalena;x
1703;129;33;179;Barolk;x
1704;171;36;52;Lahto;x
1705;3;39;180;Nolobedta;x
1706;45;42;53;Difar;x
1707;87;45;181;Tarisey;x
1708;129;48;54;Qaneloc;x
1709;171;51;182;Walzim;x
1710;3;54;55;Dafava;x
1711;45;57;183;Gilemad;x
1712;87;60;56;Kanim;x
1713;129;63;184;Berusha;x
1714;171;66;57;Dokilof;x
1715;3;69;185;Silolk;x
1716;45;72;58;Ralpehn;x
1717;87;75;66;Kojib;x
1718;129;78;59;Tayarga;x
1719;171;81;187;Harkom;x
1720;3;84;60;Keloc;x
1721;45;87;108;Efais;x
1722;87;90;61;Beneld;x
1723;129;93;189;Kaledey;x
1724;171;96;62;Letosh;x
1725;3;99;190;Ocar;x
1726;45;102;63;Lake Marble;x
1727;87;105;191;Zen Asor;x
1728;129;108;64;Nainf;x
1729;171;111;192;Amzur;x
1730;3;114;65;Osimya;x
1731;45;117;193;Rimoun;x
1732;87;120;66;Nallor;x
1733;129;123;74;Zimeth;x
1734;171;126;67;Dadoki;x
1735;3;129;195;Qanabi;x
1736;45;32;68;Ragan;x
1737;87;135;196;Winidar;x
1738;129;138;69;Binorad;x
1739;171;14;88;Donubed;x
1740;3;144;70;Acunolf;x
1741;45;147;198;Sinobor;x
1742;87;150;71;Vusart;x
1743;129;153;199;Kiltonford;x
1744;171;156;72;Amarone;x
1745;3;159;200;Lorhan;x
1746;45;162;73;Letubu;x
1747;87;165;201;Tumaj;x
1748;129;168;74;Savegh;x
1749;171;171;202;Busandu;x
1750;255;128;64;Crimsonmoor;x
1751;45;177;2;Tanaury;x
1752;87;180;176;Ravencliff;x
1753;129;18;54;Bloodreach;x
1754;206;216;152;Grimwood;x
1755;3;189;205;Pyrion;x
1756;45;192;78;Moonzelf;x
1757;87;195;206;Xucinia;x
1758;129;198;79;Kerodis;x
1759;171;201;207;Redonas;x
1760;3;204;80;Abetouz;x
1761;45;45;45;Engouz;x
1762;45;207;207;Ceupo;x
1763;129;0;209;Bengeph;x
1764;171;3;82;Termic;x
1765;3;6;210;Nenda;x
1766;45;9;83;Pazith;x
1767;87;112;211;Isifu;x
1768;129;15;84;Banohn;x
1769;171;18;212;Jagul;x
1770;101;101;120;Hua La;x
1771;87;26;86;Kalevar Bay;x
1772;45;24;213;Habun Gulf;x
1773;3;21;85;Habun Gulf;x
1774;101;101;130;Lu Ang;x
1775;101;101;90;Ko Ong;x
1776;101;101;150;Amnatthaya;x
1777;101;101;180;Tanghet;x
1778;129;45;89;Aciyaka;x
1779;171;48;217;Siorr;x
1780;3;51;90;Alous;x
1781;245;54;218;Asoth;x
1782;87;57;91;Waahan;x
1783;129;60;219;Tusigo;x
1784;171;63;92;Volra;x
1785;3;66;220;Dover;x
1786;45;69;9;Rogucek;x
1787;87;72;221;Ultoin;x
1788;129;255;221;Zefi;x
1789;171;78;222;Rutoth;x
1790;3;81;95;Nopau;x
1791;45;84;223;Jedda;x
1792;87;87;96;Lavlit;x
1793;129;90;224;Ezuisoth;x
1794;171;93;97;Lombober;x
1795;3;96;225;Feppo;x
1796;181;239;213;Baas;x
1797;3;36;215;Qabadra;x
1798;45;39;88;Reqoch;x
1799;171;108;227;Gund Abad;x
1800;3;111;0;Wabasa;x
1801;45;114;128;Dapur;x
1802;87;117;1;Ber Tabacon;x
1803;249;250;48;Ysunn;x
1804;85;111;6;Ejaban;x
1805;127;114;134;Gabull;x
1806;169;117;7;Diazma;x
1807;171;123;2;Elendor;x
1808;3;126;130;Mithlond;x
1809;45;129;3;Thornvale;x
1810;87;132;131;Elmsreach;x
1811;129;135;4;Yggrath;x
1812;171;138;132;Jorundra;x
1813;1;105;5;Ashenfield;x
1814;43;108;133;Bergen;x
1815;1;120;135;Rifeh;x
1816;43;123;8;Nosa;x
1817;85;126;136;Qiom;x
1818;87;42;21;Nabit;x
1819;169;132;137;Rasoko;x
1820;1;135;10;Vozkit;x
1821;43;138;138;Tamelek;x
1822;85;141;11;Zonatri;x
1823;127;144;139;Helim;x
1824;169;147;12;Fonda;x
1825;1;150;140;Isezh;x
1826;43;153;13;Qopa;x
1827;85;156;141;Pelta;x
1828;127;159;14;Doja;x
1829;169;162;142;Usitta;x
1830;1;165;15;Kegim;x
1831;255;168;143;Keluva;x
1832;85;171;16;Botirv;x
1833;127;174;144;Weli;x
1834;169;177;17;Tasleg;x
1835;85;180;145;Eisot;x
1836;43;183;18;Wacar;x
1837;255;186;18;Qural;x
1838;127;187;19;Zorak;x
1839;169;192;147;Ahesi;x
1840;15;115;115;Belola;x
1841;43;198;148;Racon;x
1842;85;201;21;Yelt;x
1843;127;204;149;Lahmud;x
1844;169;207;22;Suner;x
1845;1;210;150;Besven;x
1846;43;10;33;Damuda;x
1847;85;3;151;Krois;x
1848;127;6;24;Montge;x
1849;169;9;152;Vedeux;x
1850;1;42;55;Zurbarran;x
1851;43;15;153;Creuxrenard;x
1852;85;18;26;Peyrac;x
1853;127;21;154;Skordh;x
1854;169;24;27;Azunere;x
1855;1;27;155;Cubele;x
1856;43;30;28;Tiria;x
1857;85;33;156;Talgar;x
1858;127;36;29;Egles;x
1859;169;39;157;Vievers;x
1860;11;52;40;Velhad;x
1861;43;45;158;Adampole;x
1862;85;48;31;Ban Glean;x
1863;127;51;159;Caed Myrkvid;x
1864;169;54;32;Petrun;x
1865;1;57;160;Ryba;x
1866;43;60;33;Ustilog;x
1867;85;63;161;Dun Gleanainn;x
1868;127;66;34;Vaymbet;x
1869;169;69;162;Birensk;x
1870;1;72;35;Tugun;x
1871;43;75;163;Maum;x
1872;85;78;36;Taganrog;x
1873;127;81;164;Terpilit;x
1874;169;84;37;Ugol;x
1875;101;187;208;Artiom;x
1876;43;90;38;Daevon;x
1877;85;93;166;Gauf;x
1878;127;96;39;Ivlot;x
1879;169;99;167;Mangup;x
1880;201;202;40;Ard Gymraen;x
1881;43;105;168;Daud Otar;x
1882;85;108;41;Klin;x
1883;127;111;169;Suzdal;x
1884;169;114;42;Bukina;x
1885;1;117;170;Arkaim;x
1886;43;120;43;Barlest;x
1887;85;123;171;Kazener;x
1888;127;126;44;Nadym;x
1889;169;129;172;Meyda;x
1890;1;132;45;Mugort;x
1891;43;135;173;Tarlyk;x
1892;85;138;46;Vspaden;x
1893;127;141;174;Arvamas;x
1894;5;99;50;Kaer Morhen;x
1895;1;147;175;Munor;x
1896;43;150;48;Tiga;x
1897;85;153;176;Zabeley;x
1898;127;156;49;Ard Kestrel;x
1899;169;159;177;Kolooma;x
1900;1;162;50;Marfink;x
1901;173;177;197;Terssac;x
1902;5;180;70;Lomtuga;x
1903;47;183;198;Almandaye;x
1904;89;186;71;Ard Ghlais;x
1905;131;189;199;Beloozero;x
1906;173;192;72;Jurga;x
1907;5;195;200;Kadar Argon;x
1908;131;126;19;Angsul;x
1909;89;201;201;Monts of Angmar;x
1910;131;204;74;Imlad Balchorth;x
1911;173;207;202;Ravda;x
1912;85;198;56;Bar Grundail;x
1913;127;201;184;Gorothlad;x
1914;169;204;57;Maethad;x
1915;1;207;185;Aughaire;x
1916;43;210;58;Korondaj;x
1917;85;0;186;Korb Taskral;x
1918;127;3;59;Annuminas;x
1919;169;6;187;Biberveldt;x
1920;47;135;148;Thorin;x
1921;43;12;188;Nurumurl;x
1922;85;15;61;Gothol Zigil;x
1923;127;18;189;Baraz Duban;x
1924;169;21;62;Sulaj Dar;x
1925;47;120;18;Erebor;x
1926;43;27;63;Morlith;x
1927;85;30;191;Nabatan;x
1928;127;33;64;Elu Anath;x
1929;28;127;33;Har Narzul;x
1930;101;39;65;Senthar;x
1931;4;198;155;Pingassen;x
1932;46;126;143;Vhatau;x
1933;43;195;128;Muthris;x
1934;85;75;221;Obertauern;x
1935;104;51;15;Briesach;x
1936;44;78;183;Sivelitz;x
1937;0;135;150;Arriach;x
1938;169;30;207;Zeoben;x
1939;88;165;156;Vengerberg;x
1940;86;87;191;Kaudenberg;x
1941;5;63;22;Trelis;x
1942;170;171;192;Aspach;x
1943;46;204;198;Climont;x
1944;88;93;131;Jahki;x
1945;168;171;227;Katunets;x
1946;254;180;152;Turukhan;x
1947;47;144;198;Morghaar;x
1948;244;144;175;Blatnista;x
1949;42;84;203;Lesichovo;x
1950;172;162;162;Poibrene;x
1951;42;81;183;Yakhdoi;x
1952;87;42;161;Shroktak;x
1953;45;18;128;Cervantesa;x
1954;1;156;170;Myrbaz;x
1955;126;78;189;Formyre;x
1956;46;135;138;Aparhant;x
1957;127;105;184;Naugis;x
1958;247;159;22;Yumarrak;x
1959;171;57;137;Massylath;x
1960;85;60;196;Durthan;x
1961;111;20;176;Ukhorth;x
1962;11;120;106;Ashiun;x
1963;211;120;106;Qasynnar;x
1964;201;210;192;Hathdror;x
1965;84;174;93;Lake Red Coral;x
1966;145;99;98;Lake Citakal;x